name,team,gp,toi,g,a,firsta,points,shots,ifenwick,icorsi,shpct,g_60,a_60,firsta_60,points_60,shots_60,ifenwick_60,icorsi_60,igp,iap,ipp
"MACHACEK, SPENCER",Winnipeg,13,96:42,2,7,4,9,12,16,24,16.67,1.24,4.34,2.48,5.58,7.45,9.93,14.89,20.0,70.0,90.0
"CROSBY, SIDNEY",Pittsburgh,22,296:44,5,19,12,24,43,53,72,11.63,1.01,3.84,2.43,4.85,8.69,10.72,14.56,16.1,61.3,77.4
"MAXWELL, BEN",Winnipeg,15,94:14,1,5,4,6,10,11,14,10.00,0.64,3.18,2.55,3.82,6.37,7.00,8.91,16.7,83.3,100.0
"BAERTSCHI, SVEN",Calgary,5,50:31,3,0,0,3,10,11,14,30.00,3.56,0.00,0.00,3.56,11.88,13.06,16.63,100.0,0.0,100.0
"MALKIN, EVGENI",Pittsburgh,75,1145:46,31,35,28,66,198,251,314,15.66,1.62,1.83,1.47,3.46,10.37,13.14,16.44,41.9,47.3,89.2
"EBERLE, JORDAN",Edmonton,78,1065:36,23,31,20,54,126,174,225,18.25,1.29,1.75,1.13,3.04,7.09,9.80,12.67,35.9,48.4,84.4
"FOLIGNO, MARCUS",Buffalo,14,199:48,4,6,1,10,20,33,40,20.00,1.20,1.80,0.30,3.00,6.01,9.91,12.01,22.2,33.3,55.6
"STAMKOS, STEVEN",Tampa Bay,82,1356:51,41,22,15,63,200,263,341,20.50,1.81,0.97,0.66,2.79,8.84,11.63,15.08,51.2,27.5,78.8
"DUPUIS, PASCAL",Pittsburgh,82,1114:01,21,30,16,51,177,243,322,11.86,1.13,1.62,0.86,2.75,9.53,13.09,17.34,35.6,50.8,86.4
"BENN, JAMIE",Dallas,71,993:58,21,24,8,45,157,216,282,13.38,1.27,1.45,0.48,2.72,9.48,13.04,17.02,39.6,45.3,84.9
"MCDONALD, ANDY",St. Louis,25,335:53,6,9,4,15,45,63,76,13.33,1.07,1.61,0.71,2.68,8.04,11.25,13.58,35.3,52.9,88.2
"SEGUIN, TYLER",Boston,81,1124:10,22,28,15,50,201,273,351,10.95,1.17,1.49,0.80,2.67,10.73,14.57,18.73,31.0,39.4,70.4
"FILPPULA, VALTTERI",Detroit,81,1148:33,17,34,22,51,114,159,200,14.91,0.89,1.78,1.15,2.66,5.96,8.31,10.45,25.8,51.5,77.3
"WHITNEY, RAY",Arizona,82,1136:36,14,36,26,50,129,166,217,10.85,0.74,1.90,1.37,2.64,6.81,8.76,11.46,23.0,59.0,82.0
"ENNIS, TYLER",Buffalo,48,644:36,12,16,10,28,68,94,127,17.65,1.12,1.49,0.93,2.61,6.33,8.75,11.82,34.3,45.7,80.0
"GIROUX, CLAUDE",Philadelphia,77,1085:26,18,29,17,47,154,201,279,11.69,0.99,1.60,0.94,2.60,8.51,11.11,15.42,30.5,49.2,79.7
"LUCIC, MILAN",Boston,81,1149:20,19,30,20,49,115,162,226,16.52,0.99,1.57,1.04,2.56,6.00,8.46,11.80,30.2,47.6,77.8
"SHARP, PATRICK",Chicago,74,1063:18,23,22,11,45,211,272,344,10.90,1.30,1.24,0.62,2.54,11.91,15.35,19.41,35.9,34.4,70.3
"SPEZZA, JASON",Ottawa,80,1207:40,19,32,23,51,159,241,301,11.95,0.94,1.59,1.14,2.53,7.90,11.97,14.95,30.2,50.8,81.0
"ZETTERBERG, HENRIK",Detroit,82,1189:27,19,31,22,50,202,262,345,9.41,0.96,1.56,1.11,2.52,10.19,13.22,17.40,28.4,46.3,74.6
"CONNER, CHRIS",Detroit,8,72:14,1,2,2,3,9,13,16,11.11,0.83,1.66,1.66,2.49,7.48,10.80,13.29,33.3,66.7,100.0
"TOEWS, JONATHAN",Chicago,59,869:15,19,17,12,36,134,162,189,14.18,1.31,1.17,0.83,2.48,9.25,11.18,13.05,38.8,34.7,73.5
"NEAL, JAMES",Pittsburgh,80,1136:17,22,25,13,47,208,283,386,10.58,1.16,1.32,0.69,2.48,10.98,14.94,20.38,32.4,36.8,69.1
"SEDIN, HENRIK",Vancouver,82,1160:37,6,42,24,48,75,98,136,8.00,0.31,2.17,1.24,2.48,3.88,5.07,7.03,9.7,67.7,77.4
"HORTON, NATHAN",Boston,46,592:31,11,13,10,24,68,90,123,16.18,1.11,1.32,1.01,2.43,6.89,9.11,12.46,32.4,38.2,70.6
"LUPUL, JOFFREY",Toronto,66,963:09,15,24,15,39,141,191,255,10.64,0.93,1.50,0.93,2.43,8.78,11.90,15.89,27.3,43.6,70.9
"PACIORETTY, MAX",Montreal,79,1122:42,25,20,14,45,226,292,360,11.06,1.34,1.07,0.75,2.40,12.08,15.61,19.24,44.6,35.7,80.4
"COLBORNE, JOE",Toronto,10,125:01,1,4,1,5,7,8,8,14.29,0.48,1.92,0.48,2.40,3.36,3.84,3.84,14.3,57.1,71.4
"PURCELL, TEDDY",Tampa Bay,81,1050:50,14,28,20,42,114,158,205,12.28,0.80,1.60,1.14,2.40,6.51,9.02,11.71,22.6,45.2,67.7
"BERGERON, PATRICE",Boston,81,1079:06,14,29,21,43,139,206,271,10.07,0.78,1.61,1.17,2.39,7.73,11.45,15.07,24.1,50.0,74.1
"KREJCI, DAVID",Boston,79,1140:19,18,27,16,45,107,150,196,16.82,0.95,1.42,0.84,2.37,5.63,7.89,10.31,31.6,47.4,78.9
"ERIKSSON, LOUI",Dallas,82,1167:58,14,32,19,46,125,164,212,11.20,0.72,1.64,0.98,2.36,6.42,8.42,10.89,25.0,57.1,82.1
"PERREAULT, MATHIEU",Washington,64,687:15,14,13,8,27,51,81,112,27.45,1.22,1.14,0.70,2.36,4.45,7.07,9.78,36.8,34.2,71.1
"RYDER, MICHAEL",Dallas,82,1146:35,24,21,13,45,161,215,291,14.91,1.26,1.10,0.68,2.35,8.43,11.25,15.23,41.4,36.2,77.6
"DATSYUK, PAVEL",Detroit,70,995:25,11,28,17,39,120,167,221,9.17,0.66,1.69,1.02,2.35,7.23,10.07,13.32,22.0,56.0,78.0
"RADULOV, ALEXANDER",Nashville,9,153:33,3,3,2,6,20,26,32,15.00,1.17,1.17,0.78,2.34,7.82,10.16,12.50,33.3,33.3,66.7
"KESSEL, PHIL",Toronto,82,1284:34,22,28,18,50,219,286,389,10.05,1.03,1.31,0.84,2.34,10.23,13.36,18.17,34.4,43.8,78.1
"MARCHAND, BRAD",Boston,76,1028:03,18,22,10,40,121,157,212,14.88,1.05,1.28,0.58,2.33,7.06,9.16,12.37,32.1,39.3,71.4
"WELLMAN, CASEY",Minnesota,14,154:40,2,4,2,6,24,34,44,8.33,0.78,1.55,0.78,2.33,9.31,13.19,17.07,40.0,80.0,120.0
"AUCOIN, KEITH",Washington,27,258:15,3,7,3,10,18,26,38,16.67,0.70,1.63,0.70,2.32,4.18,6.04,8.83,21.4,50.0,71.4
"BITZ, BYRON",Vancouver,10,104:06,1,3,2,4,6,8,10,16.67,0.58,1.73,1.15,2.31,3.46,4.61,5.76,25.0,75.0,100.0
"KANE, EVANDER",Winnipeg,74,1067:11,20,21,10,41,239,311,375,8.37,1.12,1.18,0.56,2.31,13.44,17.49,21.08,37.7,39.6,77.4
"GABORIK, MARIAN",NY Rangers,82,1204:10,26,20,14,46,186,242,294,13.98,1.30,1.00,0.70,2.29,9.27,12.06,14.65,45.6,35.1,80.7
"KANE, PATRICK",Chicago,82,1284:32,16,33,24,49,192,254,335,8.33,0.75,1.54,1.12,2.29,8.97,11.86,15.65,25.0,51.6,76.6
"BRULE, GILBERT",Arizona,33,341:27,4,9,5,13,49,68,78,8.16,0.70,1.58,0.88,2.28,8.61,11.95,13.71,20.0,45.0,65.0
"SEMIN, ALEXANDER",Washington,77,1052:28,17,23,15,40,152,225,315,11.18,0.97,1.31,0.86,2.28,8.67,12.83,17.96,33.3,45.1,78.4
"NYQUIST, GUSTAV",Detroit,18,184:29,1,6,4,7,18,27,33,5.56,0.33,1.95,1.30,2.28,5.85,8.78,10.73,14.3,85.7,100.0
"HOSSA, MARIAN",Chicago,81,1138:29,16,27,16,43,166,222,297,9.64,0.84,1.42,0.84,2.27,8.75,11.70,15.65,30.2,50.9,81.1
"FRANZEN, JOHAN",Detroit,77,1059:43,17,23,15,40,153,231,282,11.11,0.96,1.30,0.85,2.26,8.66,13.08,15.97,29.8,40.4,70.2
"HUDLER, JIRI",Detroit,81,1060:45,23,17,10,40,108,144,167,21.30,1.30,0.96,0.57,2.26,6.11,8.15,9.45,37.1,27.4,64.5
"VORACEK, JAKUB",Philadelphia,78,901:52,17,17,10,34,128,166,222,13.28,1.13,1.13,0.67,2.26,8.52,11.04,14.77,35.4,35.4,70.8
"RIBEIRO, MIKE",Dallas,74,1116:43,12,30,20,42,115,153,196,10.43,0.64,1.61,1.07,2.26,6.18,8.22,10.53,25.5,63.8,89.4
"STALBERG, VIKTOR",Chicago,79,1037:03,18,21,12,39,195,275,336,9.23,1.04,1.22,0.69,2.26,11.28,15.91,19.44,36.0,42.0,78.0
"POMINVILLE, JASON",Buffalo,82,1091:23,19,22,14,41,170,218,273,11.18,1.04,1.21,0.77,2.25,9.35,11.98,15.01,38.8,44.9,83.7
"ST._LOUIS, MARTIN",Tampa Bay,77,1336:14,19,31,20,50,140,198,255,13.57,0.85,1.39,0.90,2.25,6.29,8.89,11.45,25.7,41.9,67.6
"HAGELIN, CARL",NY Rangers,64,883:34,12,21,10,33,120,155,197,10.00,0.81,1.43,0.68,2.24,8.15,10.53,13.38,25.5,44.7,70.2
"PEVERLEY, RICH",Boston,57,671:05,8,17,10,25,82,119,156,9.76,0.72,1.52,0.89,2.24,7.33,10.64,13.95,23.5,50.0,73.5
"STEEN, ALEXANDER",St. Louis,43,592:23,12,10,7,22,110,149,204,10.91,1.22,1.01,0.71,2.23,11.14,15.09,20.66,38.7,32.3,71.0
"ELIAS, PATRIK",New Jersey,81,1105:08,14,27,17,41,114,149,189,12.28,0.76,1.47,0.92,2.23,6.19,8.09,10.26,28.0,54.0,82.0
"VRBATA, RADIM",Arizona,77,1024:38,21,17,10,38,163,221,288,12.88,1.23,1.00,0.59,2.23,9.54,12.94,16.86,42.9,34.7,77.6
"PALMIERI, KYLE",Anaheim,18,189:11,4,3,2,7,29,46,61,13.79,1.27,0.95,0.63,2.22,9.20,14.59,19.35,36.4,27.3,63.6
"HALISCHUK, MATT",Nashville,73,707:14,13,13,8,26,85,103,121,15.29,1.10,1.10,0.68,2.21,7.21,8.74,10.27,44.8,44.8,89.7
"LATENDRESSE, GUILLAUME",Minnesota,16,191:10,3,4,3,7,25,36,44,12.00,0.94,1.26,0.94,2.20,7.85,11.30,13.81,37.5,50.0,87.5
"READ, MATT",Philadelphia,79,909:10,18,15,6,33,113,161,206,15.93,1.19,0.99,0.40,2.18,7.46,10.63,13.59,39.1,32.6,71.7
"SEDIN, DANIEL",Vancouver,72,1021:21,15,22,13,37,158,219,283,9.49,0.88,1.29,0.76,2.17,9.28,12.87,16.63,30.6,44.9,75.5
"THORNTON, JOE",San Jose,82,1215:47,12,32,17,44,111,143,174,10.81,0.59,1.58,0.84,2.17,5.48,7.06,8.59,22.2,59.3,81.5
"TAFFE, JEFF",Minnesota,5,55:20,0,2,1,2,6,7,10,0.00,0.00,2.17,1.08,2.17,6.51,7.59,10.84,0.0,66.7,66.7
"TAVARES, JOHN",NY Islanders,82,1329:31,19,29,21,48,205,264,330,9.27,0.86,1.31,0.95,2.17,9.25,11.91,14.89,30.6,46.8,77.4
"VANEK, THOMAS",Buffalo,78,998:54,15,21,14,36,125,158,206,12.00,0.90,1.26,0.84,2.16,7.51,9.49,12.37,31.2,43.8,75.0
"KUNITZ, CHRIS",Pittsburgh,82,1138:38,20,21,11,41,171,235,290,11.70,1.05,1.11,0.58,2.16,9.01,12.38,15.28,28.6,30.0,58.6
"COLE, ERIK",Montreal,82,1166:32,23,19,8,42,182,234,319,12.64,1.18,0.98,0.41,2.16,9.36,12.04,16.41,40.4,33.3,73.7
"STAAL, JORDAN",Pittsburgh,62,889:47,13,19,14,32,107,153,188,12.15,0.88,1.28,0.94,2.16,7.22,10.32,12.68,31.0,45.2,76.2
"GRABOVSKI, MIKHAIL",Toronto,74,1072:03,16,22,16,38,133,182,270,12.03,0.90,1.23,0.90,2.13,7.44,10.19,15.11,32.0,44.0,76.0
"HALL, TAYLOR",Edmonton,61,874:40,13,18,13,31,144,203,272,9.03,0.89,1.23,0.89,2.13,9.88,13.93,18.66,31.7,43.9,75.6
"KING, DWIGHT",Los Angeles,27,339:12,5,7,3,12,39,52,59,12.82,0.88,1.24,0.53,2.12,6.90,9.20,10.44,35.7,50.0,85.7
"WELLWOOD, KYLE",Winnipeg,77,962:57,12,22,10,34,79,111,134,15.19,0.75,1.37,0.62,2.12,4.92,6.92,8.35,29.3,53.7,82.9
"HARTNELL, SCOTT",Philadelphia,82,1134:09,19,21,11,40,158,210,252,12.03,1.01,1.11,0.58,2.12,8.36,11.11,13.33,30.2,33.3,63.5
"RYAN, BOBBY",Anaheim,82,1198:45,25,17,15,42,165,228,287,15.15,1.25,0.85,0.75,2.10,8.26,11.41,14.37,48.1,32.7,80.8
"TANGUAY, ALEX",Calgary,64,859:25,10,20,16,30,55,78,103,18.18,0.70,1.40,1.12,2.09,3.84,5.45,7.19,23.8,47.6,71.4
"STAFFORD, DREW",Buffalo,80,1089:08,14,24,20,38,180,236,299,7.78,0.77,1.32,1.10,2.09,9.92,13.00,16.47,29.2,50.0,79.2
"BERTUZZI, TODD",Detroit,71,950:07,13,20,8,33,105,137,165,12.38,0.82,1.26,0.51,2.08,6.63,8.65,10.42,26.5,40.8,67.3
"VAN_DER_GULIK, DAVID",Colorado,25,173:10,1,5,3,6,18,25,31,5.56,0.35,1.73,1.04,2.08,6.24,8.66,10.74,9.1,45.5,54.5
"POULIOT, BENOIT",Boston,74,808:42,14,14,8,28,97,133,156,14.43,1.04,1.04,0.59,2.08,7.20,9.87,11.57,35.0,35.0,70.0
"KENNEDY, TYLER",Pittsburgh,60,751:47,9,17,14,26,173,226,277,5.20,0.72,1.36,1.12,2.08,13.81,18.04,22.11,28.1,53.1,81.2
"KOPITAR, ANZE",Los Angeles,82,1189:28,14,27,16,41,151,214,274,9.27,0.71,1.36,0.81,2.07,7.62,10.79,13.82,26.4,50.9,77.4
"REGIN, PETER",Ottawa,10,116:25,2,2,2,4,13,18,25,15.38,1.03,1.03,1.03,2.06,6.70,9.28,12.88,40.0,40.0,80.0
"SYKORA, PETR",New Jersey,82,1113:53,17,21,11,38,139,198,259,12.23,0.92,1.13,0.59,2.05,7.49,10.67,13.95,34.0,42.0,76.0
"SHAW, ANDREW",Chicago,37,469:55,10,6,3,16,62,84,111,16.13,1.28,0.77,0.38,2.04,7.92,10.73,14.17,47.6,28.6,76.2
"BURROWS, ALEX",Vancouver,80,1095:06,21,16,12,37,155,214,268,13.55,1.15,0.88,0.66,2.03,8.49,11.72,14.68,40.4,30.8,71.2
"LECAVALIER, VINCENT",Tampa Bay,64,920:44,13,18,11,31,116,155,203,11.21,0.85,1.17,0.72,2.02,7.56,10.10,13.23,27.7,38.3,66.0
"FOLIGNO, NICK",Ottawa,82,1040:25,10,25,14,35,139,172,219,7.19,0.58,1.44,0.81,2.02,8.02,9.92,12.63,22.7,56.8,79.5
"BACKSTROM, NICKLAS",Washington,42,595:33,9,11,5,20,65,91,114,13.85,0.91,1.11,0.50,2.01,6.55,9.17,11.49,37.5,45.8,83.3
"BOURQUE, GABRIEL",Nashville,43,539:21,7,11,4,18,58,70,92,12.07,0.78,1.22,0.45,2.00,6.45,7.79,10.23,30.4,47.8,78.3
"WHEELER, BLAKE",Winnipeg,80,1231:06,11,30,19,41,173,250,298,6.36,0.54,1.46,0.93,2.00,8.43,12.18,14.52,18.0,49.2,67.2
"GLENCROSS, CURTIS",Calgary,67,872:11,15,14,8,29,79,98,129,18.99,1.03,0.96,0.55,2.00,5.43,6.74,8.87,40.5,37.8,78.4
"PARISE, ZACH",New Jersey,82,1237:00,19,22,12,41,185,238,279,10.27,0.92,1.07,0.58,1.99,8.97,11.54,13.53,38.8,44.9,83.7
"HIGGINS, CHRIS",Vancouver,71,906:00,13,17,7,30,138,184,213,9.42,0.86,1.13,0.46,1.99,9.14,12.19,14.11,30.2,39.5,69.8
"HANSEN, JANNIK",Vancouver,82,998:41,14,19,14,33,123,163,204,11.38,0.84,1.14,0.84,1.98,7.39,9.79,12.26,30.4,41.3,71.7
"WILLIAMS, JUSTIN",Los Angeles,82,1122:25,11,26,14,37,190,258,326,5.79,0.59,1.39,0.75,1.98,10.16,13.79,17.43,23.9,56.5,80.4
"IGINLA, JAROME",Calgary,82,1306:15,20,23,15,43,177,248,310,11.30,0.92,1.06,0.69,1.98,8.13,11.39,14.24,35.7,41.1,76.8
"MICHALEK, MILAN",Ottawa,77,1100:46,19,17,11,36,162,234,296,11.73,1.04,0.93,0.60,1.96,8.83,12.75,16.13,34.5,30.9,65.5
"DOWNIE, STEVE",Colorado,75,1010:42,12,21,11,33,121,168,231,9.92,0.71,1.25,0.65,1.96,7.18,9.97,13.71,22.6,39.6,62.3
"HELM, DARREN",Detroit,68,796:20,9,17,10,26,108,152,221,8.33,0.68,1.28,0.75,1.96,8.14,11.45,16.65,26.5,50.0,76.5
"MACARTHUR, CLARKE",Toronto,73,981:36,16,16,9,32,128,164,234,12.50,0.98,0.98,0.55,1.96,7.82,10.02,14.30,38.1,38.1,76.2
"NUGENT-HOPKINS, RYAN",Edmonton,62,859:34,14,14,8,28,100,139,185,14.00,0.98,0.98,0.56,1.95,6.98,9.70,12.91,32.6,32.6,65.1
"PROSPAL, VACLAV",Columbus,82,1136:43,12,25,16,37,115,147,185,10.43,0.63,1.32,0.84,1.95,6.07,7.76,9.77,22.6,47.2,69.8
"CAMMALLERI, MIKE",Calgary,66,891:03,17,12,9,29,111,136,179,15.32,1.14,0.81,0.61,1.95,7.47,9.16,12.05,43.6,30.8,74.4
"JAGR, JAROMIR",Philadelphia,73,891:10,9,20,13,29,107,151,197,8.41,0.61,1.35,0.88,1.95,7.20,10.17,13.26,20.9,46.5,67.4
"MOULSON, MATT",NY Islanders,82,1265:40,21,20,11,41,158,199,261,13.29,1.00,0.95,0.52,1.94,7.49,9.43,12.37,34.4,32.8,67.2
"SELANNE, TEEMU",Anaheim,82,1112:18,14,22,17,36,115,162,199,12.17,0.76,1.19,0.92,1.94,6.20,8.74,10.73,27.5,43.1,70.6
"VAN_RIEMSDYK, JAMES",Philadelphia,43,494:41,7,9,6,16,88,110,147,7.95,0.85,1.09,0.73,1.94,10.67,13.34,17.83,31.8,40.9,72.7
"GAGNER, SAM",Edmonton,75,1053:52,11,23,14,34,114,173,224,9.65,0.63,1.31,0.80,1.94,6.49,9.85,12.75,23.4,48.9,72.3
"SKINNER, JEFF",Carolina,64,900:02,15,14,9,29,145,199,261,10.34,1.00,0.93,0.60,1.93,9.67,13.27,17.40,37.5,35.0,72.5
"JOHANSSON, MARCUS",Washington,80,1061:20,13,21,14,34,74,98,140,17.57,0.73,1.19,0.79,1.92,4.18,5.54,7.91,26.5,42.9,69.4
"PARENTEAU, PIERRE",NY Islanders,80,1186:27,11,27,19,38,124,159,199,8.87,0.56,1.37,0.96,1.92,6.27,8.04,10.06,22.0,54.0,76.0
"ZUCKER, JASON",Minnesota,6,62:36,0,2,2,2,8,10,14,0.00,0.00,1.92,1.92,1.92,7.67,9.58,13.42,0.0,100.0,100.0
"FISHER, MIKE",Nashville,72,1067:13,18,16,8,34,124,168,212,14.52,1.01,0.90,0.45,1.91,6.97,9.45,11.92,37.5,33.3,70.8
"KOSTITSYN, ANDREI",Nashville,72,943:02,11,19,9,30,110,143,204,10.00,0.70,1.21,0.57,1.91,7.00,9.10,12.98,25.0,43.2,68.2
"SMITH, BRENDAN",Detroit,14,188:55,1,5,3,6,8,14,20,12.50,0.32,1.59,0.95,1.91,2.54,4.45,6.35,11.1,55.6,66.7
"ALFREDSSON, DANIEL",Ottawa,75,1039:22,13,20,15,33,124,172,224,10.48,0.75,1.15,0.87,1.91,7.16,9.93,12.93,28.9,44.4,73.3
"BULMER, BRETT",Minnesota,9,94:31,0,3,0,3,7,10,13,0.00,0.00,1.90,0.00,1.90,4.44,6.35,8.25,0.0,100.0,100.0
"HORNQVIST, PATRIC",Nashville,76,946:17,16,14,7,30,184,237,281,8.70,1.01,0.89,0.44,1.90,11.67,15.03,17.82,41.0,35.9,76.9
"PERRON, DAVID",St. Louis,57,793:20,13,12,8,25,71,105,127,18.31,0.98,0.91,0.60,1.89,5.37,7.94,9.61,36.1,33.3,69.4
"MALONE, RYAN",Tampa Bay,68,923:13,12,17,11,29,101,136,155,11.88,0.78,1.10,0.71,1.88,6.56,8.84,10.07,28.6,40.5,69.0
"WELLWOOD, ERIC",Philadelphia,24,222:53,4,3,2,7,28,43,51,14.29,1.08,0.81,0.54,1.88,7.54,11.58,13.73,28.6,21.4,50.0
"OKPOSO, KYLE",NY Islanders,79,1150:20,20,16,10,36,133,187,234,15.04,1.04,0.83,0.52,1.88,6.94,9.75,12.21,42.6,34.0,76.6
"STAAL, ERIC",Carolina,82,1247:49,12,27,20,39,165,232,308,7.27,0.58,1.30,0.96,1.88,7.93,11.16,14.81,23.5,52.9,76.5
"KOVALCHUK, ILYA",New Jersey,77,1316:25,19,22,14,41,189,253,332,10.05,0.87,1.00,0.64,1.87,8.61,11.53,15.13,38.0,44.0,82.0
"KELLY, CHRIS",Boston,82,996:10,16,15,9,31,103,137,171,15.53,0.96,0.90,0.54,1.87,6.20,8.25,10.30,30.2,28.3,58.5
"WEISS, STEPHEN",Florida,80,1190:33,14,23,13,37,93,137,162,15.05,0.71,1.16,0.66,1.86,4.69,6.90,8.16,28.0,46.0,74.0
"BOUCHARD, PIERRE-MARC",Minnesota,37,452:02,7,7,4,14,64,80,102,10.94,0.93,0.93,0.53,1.86,8.49,10.62,13.54,41.2,41.2,82.4
"ADAM, LUKE",Buffalo,52,549:32,10,7,3,17,70,103,132,14.29,1.09,0.76,0.33,1.86,7.64,11.25,14.41,50.0,35.0,85.0
"ERAT, MARTIN",Nashville,71,1002:19,10,21,10,31,75,101,137,13.33,0.60,1.26,0.60,1.86,4.49,6.05,8.20,23.3,48.8,72.1
"SZCZECHURA, PAUL",Buffalo,9,98:10,1,2,2,3,10,12,15,10.00,0.61,1.22,1.22,1.83,6.11,7.33,9.17,20.0,40.0,60.0
"ATKINSON, CAM",Columbus,27,327:27,5,5,4,10,56,75,93,8.93,0.92,0.92,0.73,1.83,10.26,13.74,17.04,25.0,25.0,50.0
"HENRIQUE, ADAM",New Jersey,74,1049:51,10,22,11,32,94,115,133,10.64,0.57,1.26,0.63,1.83,5.37,6.57,7.60,22.2,48.9,71.1
"CLEARY, DAN",Detroit,75,920:26,9,19,9,28,162,201,243,5.56,0.59,1.24,0.59,1.83,10.56,13.10,15.84,23.1,48.7,71.8
"KOIVU, SAKU",Anaheim,74,1000:01,10,20,7,30,78,102,135,12.82,0.60,1.20,0.42,1.80,4.68,6.12,8.10,20.0,40.0,60.0
"EAKIN, CODY",Washington,30,266:43,4,4,1,8,30,36,49,13.33,0.90,0.90,0.23,1.80,6.75,8.10,11.02,33.3,33.3,66.7
"CHIPCHURA, KYLE",Arizona,53,534:22,3,13,9,16,41,58,76,7.32,0.34,1.46,1.01,1.80,4.60,6.51,8.53,15.0,65.0,80.0
"OSHIE, TJ",St. Louis,80,1136:12,13,21,15,34,135,174,207,9.63,0.69,1.11,0.79,1.80,7.13,9.19,10.93,29.5,47.7,77.3
"NIELSEN, FRANS",NY Islanders,82,1007:08,12,18,9,30,95,132,175,12.63,0.71,1.07,0.54,1.79,5.66,7.86,10.43,30.0,45.0,75.0
"WYMAN, JT",Tampa Bay,40,369:25,2,9,5,11,28,44,58,7.14,0.32,1.46,0.81,1.79,4.55,7.15,9.42,13.3,60.0,73.3
"MCGINN, JAMIE",Colorado,78,940:22,13,15,11,28,136,186,222,9.56,0.83,0.96,0.70,1.79,8.68,11.87,14.16,32.5,37.5,70.0
"WOLSKI, WOJTEK",Florida,31,369:27,4,7,2,11,36,51,68,11.11,0.65,1.14,0.32,1.79,5.85,8.28,11.04,30.8,53.8,84.6
"PAVELSKI, JOE",San Jose,82,1211:29,19,17,13,36,190,274,347,10.00,0.94,0.84,0.64,1.78,9.41,13.57,17.19,35.2,31.5,66.7
"BONINO, NICK",Anaheim,50,573:03,5,12,5,17,56,78,94,8.93,0.52,1.26,0.52,1.78,5.86,8.17,9.84,20.8,50.0,70.8
"DESHARNAIS, DAVID",Montreal,81,1112:57,10,23,15,33,66,82,111,15.15,0.54,1.24,0.81,1.78,3.56,4.42,5.98,17.2,39.7,56.9
"RICHARDS, BRAD",NY Rangers,82,1217:28,15,21,12,36,142,189,246,10.56,0.74,1.03,0.59,1.77,7.00,9.31,12.12,30.6,42.9,73.5
"CRABB, JOEY",Toronto,67,777:56,9,14,6,23,68,99,129,13.24,0.69,1.08,0.46,1.77,5.24,7.64,9.95,31.0,48.3,79.3
"MILLER, DREW",Detroit,80,853:12,14,11,8,25,123,153,185,11.38,0.98,0.77,0.56,1.76,8.65,10.76,13.01,40.0,31.4,71.4
"CONNOLLY, TIM",Toronto,70,888:49,7,19,12,26,69,107,144,10.14,0.47,1.28,0.81,1.76,4.66,7.22,9.72,21.9,59.4,81.2
"CARCILLO, DAN",Chicago,28,308:43,1,8,5,9,23,37,50,4.35,0.19,1.55,0.97,1.75,4.47,7.19,9.72,6.2,50.0,56.2
"TORRES, RAFFI",Arizona,79,823:37,13,11,4,24,90,119,141,14.44,0.95,0.80,0.29,1.75,6.56,8.67,10.27,41.9,35.5,77.4
"CARON, JORDAN",Boston,48,514:47,7,8,5,15,56,68,85,12.50,0.82,0.93,0.58,1.75,6.53,7.93,9.91,35.0,40.0,75.0
"COUTURE, LOGAN",San Jose,80,1098:59,17,15,11,32,176,234,302,9.66,0.93,0.82,0.60,1.75,9.61,12.78,16.49,45.9,40.5,86.5
"SIMMONDS, WAYNE",Philadelphia,82,999:03,14,15,12,29,125,163,216,11.20,0.84,0.90,0.72,1.74,7.51,9.79,12.97,34.1,36.6,70.7
"KARLSSON, ERIK",Ottawa,81,1585:33,16,30,15,46,186,248,399,8.60,0.61,1.14,0.57,1.74,7.04,9.38,15.10,20.0,37.5,57.5
"NASH, RICK",Columbus,82,1139:00,18,15,11,33,219,280,349,8.22,0.95,0.79,0.58,1.74,11.54,14.75,18.38,38.3,31.9,70.2
"STAPLETON, TIM",Winnipeg,63,518:12,6,9,5,15,59,80,88,10.17,0.69,1.04,0.58,1.74,6.83,9.26,10.19,28.6,42.9,71.4
"LADD, ANDREW",Winnipeg,82,1181:13,21,13,8,34,210,272,340,10.00,1.07,0.66,0.41,1.73,10.67,13.82,17.27,43.8,27.1,70.8
"KORPIKOSKI, LAURI",Arizona,82,1077:21,13,18,12,31,123,179,236,10.57,0.72,1.00,0.67,1.73,6.85,9.97,13.14,31.0,42.9,73.8
"SUTTER, BRETT",Carolina,15,104:18,0,3,2,3,11,18,22,0.00,0.00,1.73,1.15,1.73,6.33,10.35,12.66,0.0,60.0,60.0
"STEWART, ANTHONY",Carolina,77,591:51,9,8,5,17,60,81,99,15.00,0.91,0.81,0.51,1.72,6.08,8.21,10.04,39.1,34.8,73.9
"KOSTITSYN, SERGEI",Nashville,75,1011:10,13,16,11,29,77,109,155,16.88,0.77,0.95,0.65,1.72,4.57,6.47,9.20,31.0,38.1,69.0
"AVERY, SEAN",NY Rangers,15,104:41,3,0,0,3,15,22,30,20.00,1.72,0.00,0.00,1.72,8.60,12.61,17.19,75.0,0.0,75.0
"TOOTOO, JORDIN",Nashville,77,978:30,5,23,18,28,133,171,231,3.76,0.31,1.41,1.10,1.72,8.16,10.49,14.16,15.2,69.7,84.8
"SMYTH, RYAN",Edmonton,82,1119:38,14,18,8,32,157,221,255,8.92,0.75,0.96,0.43,1.71,8.41,11.84,13.67,31.8,40.9,72.7
"OVECHKIN, ALEX",Washington,78,1193:56,19,15,8,34,206,300,423,9.22,0.95,0.75,0.40,1.71,10.35,15.08,21.26,39.6,31.2,70.8
"MCINTYRE, DAVID",Minnesota,7,70:19,1,1,0,2,6,9,12,16.67,0.85,0.85,0.00,1.71,5.12,7.68,10.24,50.0,50.0,100.0
"HODGSON, CODY",Buffalo,83,916:16,11,15,8,26,110,143,187,10.00,0.72,0.98,0.52,1.70,7.20,9.36,12.25,28.9,39.5,68.4
"RUUTU, TUOMO",Carolina,72,952:20,14,13,8,27,124,158,208,11.29,0.88,0.82,0.50,1.70,7.81,9.95,13.10,30.4,28.3,58.7
"SULLIVAN, STEVE",Pittsburgh,79,884:45,11,14,7,25,103,132,152,10.68,0.75,0.95,0.47,1.70,6.99,8.95,10.31,23.9,30.4,54.3
"ANISIMOV, ARTEM",NY Rangers,79,962:01,10,17,10,27,102,144,195,9.80,0.62,1.06,0.62,1.68,6.36,8.98,12.16,27.0,45.9,73.0
"COUTURIER, SEAN",Philadelphia,77,819:48,10,13,8,23,96,119,157,10.42,0.73,0.95,0.59,1.68,7.03,8.71,11.49,30.3,39.4,69.7
"TLUSTY, JIRI",Carolina,79,1000:47,14,14,7,28,115,156,194,12.17,0.84,0.84,0.42,1.68,6.89,9.35,11.63,33.3,33.3,66.7
"FLEISCHMANN, TOMAS",Florida,82,1217:55,18,16,9,34,157,220,306,11.46,0.89,0.79,0.44,1.68,7.73,10.84,15.07,36.7,32.7,69.4
"STEMPNIAK, LEE",Calgary,61,754:08,11,10,5,21,103,138,185,10.68,0.88,0.80,0.40,1.67,8.19,10.98,14.72,37.9,34.5,72.4
"SMITH, CRAIG",Nashville,72,826:14,8,15,11,23,130,189,232,6.15,0.58,1.09,0.80,1.67,9.44,13.72,16.85,27.6,51.7,79.3
"POULIOT, MARC-ANTOINE",Arizona,13,143:45,0,4,2,4,18,26,32,0.00,0.00,1.67,0.83,1.67,7.51,10.85,13.36,0.0,66.7,66.7
"STEPAN, DEREK",NY Rangers,82,1116:25,11,20,14,31,121,155,201,9.09,0.59,1.07,0.75,1.67,6.50,8.33,10.80,23.9,43.5,67.4
"ANTROPOV, NIK",Winnipeg,69,832:53,10,13,9,23,77,111,143,12.99,0.72,0.94,0.65,1.66,5.55,8.00,10.30,28.6,37.1,65.7
"VERSTEEG, KRIS",Florida,71,1052:15,10,19,15,29,124,169,211,8.06,0.57,1.08,0.86,1.65,7.07,9.64,12.03,23.3,44.2,67.4
"JONES, DAVID",Colorado,72,907:37,12,13,7,25,96,143,190,12.50,0.79,0.86,0.46,1.65,6.35,9.45,12.56,37.5,40.6,78.1
"GERBE, NATHAN",Buffalo,62,799:02,5,17,12,22,125,154,197,4.00,0.38,1.28,0.90,1.65,9.39,11.56,14.79,16.7,56.7,73.3
"ASHAM, ARRON",Pittsburgh,64,583:39,5,11,9,16,49,67,90,10.20,0.51,1.13,0.93,1.64,5.04,6.89,9.25,21.7,47.8,69.6
"MARLEAU, PATRICK",San Jose,82,1204:43,16,17,9,33,156,212,263,10.26,0.80,0.85,0.45,1.64,7.77,10.56,13.10,29.1,30.9,60.0
"O_REILLY, RYAN",Colorado,81,1205:32,10,23,16,33,143,184,234,6.99,0.50,1.14,0.80,1.64,7.12,9.16,11.65,22.7,52.3,75.0
"BOZAK, TYLER",Toronto,73,1061:18,12,17,10,29,81,119,148,14.81,0.68,0.96,0.57,1.64,4.58,6.73,8.37,24.5,34.7,59.2
"TALBOT, MAXIME",Philadelphia,81,956:27,14,12,9,26,91,123,159,15.38,0.88,0.75,0.56,1.63,5.71,7.72,9.97,33.3,28.6,61.9
"LANDESKOG, GABRIEL",Colorado,82,1177:44,14,18,8,32,203,256,312,6.90,0.71,0.92,0.41,1.63,10.34,13.04,15.89,27.5,35.3,62.7
"LANGKOW, DAYMOND",Arizona,73,920:58,9,16,8,25,93,138,163,9.68,0.59,1.04,0.52,1.63,6.06,8.99,10.62,23.7,42.1,65.8
"BRASSARD, DERICK",Columbus,74,923:13,8,17,11,25,85,105,151,9.41,0.52,1.10,0.71,1.62,5.52,6.82,9.81,23.5,50.0,73.5
"SCHWARTZ, JADEN",St. Louis,7,73:54,1,1,0,2,5,6,8,20.00,0.81,0.81,0.00,1.62,4.06,4.87,6.50,50.0,50.0,100.0
"BERGLUND, PATRIK",St. Louis,82,1072:12,15,14,7,29,130,202,254,11.54,0.84,0.78,0.39,1.62,7.27,11.30,14.21,38.5,35.9,74.4
"DOAN, SHANE",Arizona,79,1149:23,16,15,8,31,150,228,287,10.67,0.84,0.78,0.42,1.62,7.83,11.90,14.98,35.6,33.3,68.9
"COOKE, MATT",Pittsburgh,82,965:53,15,11,3,26,117,153,188,12.82,0.93,0.68,0.19,1.62,7.27,9.50,11.68,38.5,28.2,66.7
"GRABNER, MICHAEL",NY Islanders,78,967:59,15,11,7,26,138,183,219,10.87,0.93,0.68,0.43,1.61,8.55,11.34,13.57,44.1,32.4,76.5
"BROWN, DUSTIN",Los Angeles,82,1157:45,9,22,12,31,143,207,287,6.29,0.47,1.14,0.62,1.61,7.41,10.73,14.87,18.0,44.0,62.0
"STASTNY, PAUL",Colorado,79,1170:19,13,18,12,31,138,182,230,9.42,0.67,0.92,0.62,1.59,7.08,9.33,11.79,28.9,40.0,68.9
"GIONTA, BRIAN",Montreal,31,419:37,5,6,5,11,56,88,116,8.93,0.71,0.86,0.71,1.57,8.01,12.58,16.59,27.8,33.3,61.1
"CHIMERA, JASON",Washington,82,993:45,13,13,8,26,175,217,255,7.43,0.78,0.78,0.48,1.57,10.57,13.10,15.40,35.1,35.1,70.3
"CIZIKAS, CASEY",NY Islanders,15,153:18,0,4,3,4,12,15,24,0.00,0.00,1.57,1.17,1.57,4.70,5.87,9.39,0.0,57.1,57.1
"CALVERT, MATT",Columbus,13,115:24,0,3,0,3,3,6,11,0.00,0.00,1.56,0.00,1.56,1.56,3.12,5.72,0.0,75.0,75.0
"UMBERGER, RJ",Columbus,77,1001:12,14,12,6,26,138,172,211,10.14,0.84,0.72,0.36,1.56,8.27,10.31,12.64,35.9,30.8,66.7
"RAYMOND, MASON",Vancouver,55,699:03,8,10,7,18,106,132,171,7.55,0.69,0.86,0.60,1.54,9.10,11.33,14.68,28.6,35.7,64.3
"GOC, MARCEL",Florida,57,776:42,7,13,9,20,81,102,127,8.64,0.54,1.00,0.70,1.54,6.26,7.88,9.81,25.0,46.4,71.4
"KRUGER, MARCUS",Chicago,71,858:54,9,13,7,22,78,100,115,11.54,0.63,0.91,0.49,1.54,5.45,6.99,8.03,24.3,35.1,59.5
"BRODZIAK, KYLE",Minnesota,82,1134:49,15,14,8,29,126,179,227,11.90,0.79,0.74,0.42,1.53,6.66,9.46,12.00,46.9,43.8,90.6
"TURRIS, KYLE",Ottawa,55,784:34,9,11,8,20,116,143,197,7.76,0.69,0.84,0.61,1.53,8.87,10.94,15.07,31.0,37.9,69.0
"MUELLER, PETER",Colorado,32,392:32,5,5,5,10,65,92,119,7.69,0.76,0.76,0.76,1.53,9.94,14.06,18.19,41.7,41.7,83.3
"ABDELKADER, JUSTIN",Detroit,81,864:38,8,14,12,22,115,151,189,6.96,0.56,0.97,0.83,1.53,7.98,10.48,13.12,25.0,43.8,68.8
"LITTLE, BRYAN",Winnipeg,74,1102:14,15,13,10,28,110,153,201,13.64,0.82,0.71,0.54,1.52,5.99,8.33,10.94,33.3,28.9,62.2
"MCMILLAN, CARSON",Minnesota,11,118:12,1,2,1,3,8,14,19,12.50,0.51,1.02,0.51,1.52,4.06,7.11,9.64,25.0,50.0,75.0
"GAGNE, SIMON",Los Angeles,34,433:44,6,5,3,11,59,74,101,10.17,0.83,0.69,0.41,1.52,8.16,10.24,13.97,33.3,27.8,61.1
"CLARKSON, DAVID",New Jersey,80,1025:28,18,8,3,26,177,226,269,10.17,1.05,0.47,0.18,1.52,10.36,13.22,15.74,51.4,22.9,74.3
"BRIERE, DANIEL",Philadelphia,70,912:57,8,15,9,23,120,154,206,6.67,0.53,0.99,0.59,1.51,7.89,10.12,13.54,21.1,39.5,60.5
"BERGFORS, NICLAS",Nashville,11,79:38,1,1,0,2,8,9,11,12.50,0.75,0.75,0.00,1.51,6.03,6.78,8.29,33.3,33.3,66.7
"ROY, DEREK",Buffalo,80,1119:05,9,19,8,28,116,151,212,7.76,0.48,1.02,0.43,1.50,6.22,8.10,11.37,19.6,41.3,60.9
"JOKINEN, OLLI",Calgary,82,1164:46,10,19,12,29,148,184,232,6.76,0.52,0.98,0.62,1.49,7.62,9.48,11.95,19.6,37.3,56.9
"ZUBRUS, DAINIUS",New Jersey,82,1166:40,10,19,13,29,84,111,129,11.90,0.51,0.98,0.67,1.49,4.32,5.71,6.63,20.8,39.6,60.4
"BICKELL, BRYAN",Chicago,71,806:21,7,13,8,20,77,111,153,9.09,0.52,0.97,0.60,1.49,5.73,8.26,11.38,24.1,44.8,69.0
"HANZAL, MARTIN",Arizona,64,848:09,4,17,9,21,108,150,188,3.70,0.28,1.20,0.64,1.49,7.64,10.61,13.30,10.8,45.9,56.8
"ULLSTROM, DAVID",NY Islanders,29,283:13,3,4,1,7,35,44,61,8.57,0.64,0.85,0.21,1.48,7.41,9.32,12.92,27.3,36.4,63.6
"OTT, STEVE",Dallas,74,1011:41,6,19,11,25,89,139,178,6.74,0.36,1.13,0.65,1.48,5.28,8.24,10.56,15.0,47.5,62.5
"PRONGER, CHRIS",Philadelphia,13,161:54,0,4,0,4,13,16,24,0.00,0.00,1.48,0.00,1.48,4.82,5.93,8.89,0.0,44.4,44.4
"LETANG, KRIS",Pittsburgh,51,894:06,3,19,10,22,83,112,164,3.61,0.20,1.27,0.67,1.48,5.57,7.52,11.01,5.1,32.2,37.3
"CALLAHAN, RYAN",NY Rangers,76,1103:46,8,19,11,27,157,202,273,5.10,0.43,1.03,0.60,1.47,8.53,10.98,14.84,23.5,55.9,79.4
"BOWMAN, DRAYSON",Carolina,37,450:46,6,5,2,11,65,81,111,9.23,0.80,0.67,0.27,1.46,8.65,10.78,14.77,33.3,27.8,61.1
"DESJARDINS, ANDREW",San Jose,76,655:41,4,12,8,16,79,105,129,5.06,0.37,1.10,0.73,1.46,7.23,9.61,11.80,18.2,54.5,72.7
"EAGER, BEN",Edmonton,63,533:02,8,5,4,13,69,94,121,11.59,0.90,0.56,0.45,1.46,7.77,10.58,13.62,50.0,31.2,81.2
"LABRIE, PIERRE-CEDRIC",Tampa Bay,14,82:12,0,2,0,2,5,12,17,0.00,0.00,1.46,0.00,1.46,3.65,8.76,12.41,0.0,100.0,100.0
"BOYLE, BRIAN",NY Rangers,82,987:48,11,13,7,24,143,204,265,7.69,0.67,0.79,0.43,1.46,8.69,12.39,16.10,31.4,37.1,68.6
"PORTER, KEVIN",Colorado,35,288:13,4,3,1,7,31,37,46,12.90,0.83,0.62,0.21,1.46,6.45,7.70,9.58,44.4,33.3,77.8
"BOOTH, DAVID",Vancouver,62,784:29,11,8,5,19,120,154,206,9.17,0.84,0.61,0.38,1.45,9.18,11.78,15.76,44.0,32.0,76.0
"OLVER, MARK",Colorado,24,289:01,4,3,2,7,25,30,38,16.00,0.83,0.62,0.42,1.45,5.19,6.23,7.89,50.0,37.5,87.5
"LANGENBRUNNER, JAMIE",St. Louis,70,867:36,6,15,8,21,117,143,181,5.13,0.41,1.04,0.55,1.45,8.09,9.89,12.52,21.4,53.6,75.0
"MOEN, TRAVIS",Montreal,48,621:02,8,7,5,15,39,59,68,20.51,0.77,0.68,0.48,1.45,3.77,5.70,6.57,38.1,33.3,71.4
"BAILEY, JOSH",NY Islanders,80,952:24,7,16,8,23,75,102,139,9.33,0.44,1.01,0.50,1.45,4.72,6.43,8.76,20.6,47.1,67.6
"NEIL, CHRIS",Ottawa,72,788:12,11,8,5,19,111,136,166,9.91,0.84,0.61,0.38,1.45,8.45,10.35,12.64,39.3,28.6,67.9
"CULLEN, MATT",Minnesota,73,958:35,9,14,11,23,117,135,177,7.69,0.56,0.88,0.69,1.44,7.32,8.45,11.08,29.0,45.2,74.2
"BUTLER, BOBBY",Ottawa,56,583:54,5,9,3,14,78,113,152,6.41,0.51,0.92,0.31,1.44,8.02,11.61,15.62,16.7,30.0,46.7
"TROPP, COREY",Buffalo,34,334:59,3,5,2,8,32,40,48,9.38,0.54,0.90,0.36,1.43,5.73,7.16,8.60,25.0,41.7,66.7
"HEMSKY, ALES",Edmonton,69,1007:55,9,15,10,24,118,155,213,7.63,0.54,0.89,0.60,1.43,7.02,9.23,12.68,29.0,48.4,77.4
"LEGWAND, DAVID",Nashville,78,1096:36,10,16,14,26,108,140,174,9.26,0.55,0.88,0.77,1.42,5.91,7.66,9.52,22.7,36.4,59.1
"BRENT, TIM",Carolina,79,676:16,8,8,4,16,54,73,92,14.81,0.71,0.71,0.35,1.42,4.79,6.48,8.16,33.3,33.3,66.7
"GREENING, COLIN",Ottawa,82,1099:31,13,13,7,26,149,193,243,8.72,0.71,0.71,0.38,1.42,8.13,10.53,13.26,28.9,28.9,57.8
"HAYES, JIMMY",Chicago,31,296:04,4,3,2,7,37,49,57,10.81,0.81,0.61,0.41,1.42,7.50,9.93,11.55,50.0,37.5,87.5
"VERMETTE, ANTOINE",Arizona,82,1058:24,6,19,13,25,109,152,182,5.50,0.34,1.08,0.74,1.42,6.18,8.62,10.32,13.6,43.2,56.8
"ROLSTON, BRIAN",Boston,70,806:16,5,14,5,19,117,153,205,4.27,0.37,1.04,0.37,1.41,8.71,11.39,15.26,17.9,50.0,67.9
"PLEKANEC, TOMAS",Montreal,81,1062:11,8,17,11,25,135,182,247,5.93,0.45,0.96,0.62,1.41,7.63,10.28,13.95,23.5,50.0,73.5
"BOEDKER, MIKKEL",Arizona,82,979:38,11,12,8,23,76,113,152,14.47,0.67,0.73,0.49,1.41,4.65,6.92,9.31,33.3,36.4,69.7
"WILSON, COLIN",Nashville,68,895:24,9,12,7,21,84,114,141,10.71,0.60,0.80,0.47,1.41,5.63,7.64,9.45,24.3,32.4,56.8
"JONES, RYAN",Edmonton,79,939:13,10,12,4,22,121,164,203,8.26,0.64,0.77,0.26,1.41,7.73,10.48,12.97,31.2,37.5,68.8
"JOHANSEN, RYAN",Columbus,67,726:36,6,11,8,17,72,94,124,8.33,0.50,0.91,0.66,1.40,5.95,7.76,10.24,23.1,42.3,65.4
"KADRI, NAZEM",Toronto,21,256:35,4,2,2,6,25,32,51,16.00,0.94,0.47,0.47,1.40,5.85,7.48,11.93,36.4,18.2,54.5
"HECHT, JOCHEN",Buffalo,22,299:48,3,4,3,7,33,44,56,9.09,0.60,0.80,0.60,1.40,6.60,8.81,11.21,27.3,36.4,63.6
"BURISH, ADAM",Dallas,65,686:07,5,11,7,16,74,102,125,6.76,0.44,0.96,0.61,1.40,6.47,8.92,10.93,23.8,52.4,76.2
"LETESTU, MARK",Columbus,62,729:58,7,10,6,17,73,100,128,9.59,0.58,0.82,0.49,1.40,6.00,8.22,10.52,23.3,33.3,56.7
"BACKES, DAVID",St. Louis,82,1202:23,11,17,8,28,174,240,299,6.32,0.55,0.85,0.40,1.40,8.68,11.98,14.92,25.6,39.5,65.1
"ARNOTT, JASON",St. Louis,72,816:08,10,9,6,19,103,136,157,9.71,0.74,0.66,0.44,1.40,7.57,10.00,11.54,29.4,26.5,55.9
"LAROSE, CHAD",Carolina,67,903:10,12,9,4,21,159,211,274,7.55,0.80,0.60,0.27,1.40,10.56,14.02,18.20,38.7,29.0,67.7
"COGLIANO, ANDREW",Anaheim,82,991:13,11,12,8,23,101,140,185,10.89,0.67,0.73,0.48,1.39,6.11,8.47,11.20,27.5,30.0,57.5
"HANDZUS, MICHAL",San Jose,67,777:57,5,13,12,18,65,81,102,7.69,0.39,1.00,0.93,1.39,5.01,6.25,7.87,21.7,56.5,78.3
"CARTER, JEFF",Los Angeles,55,780:43,9,9,5,18,122,175,211,7.38,0.69,0.69,0.38,1.38,9.38,13.45,16.22,34.6,34.6,69.2
"SMITH, ZACK",Ottawa,81,912:28,11,10,5,21,116,179,242,9.48,0.72,0.66,0.33,1.38,7.63,11.77,15.91,31.4,28.6,60.0
"SMITH, TREVOR",Tampa Bay,16,173:49,2,2,1,4,16,19,24,12.50,0.69,0.69,0.35,1.38,5.52,6.56,8.28,22.2,22.2,44.4
"SAMUELSSON, MIKAEL",Florida,54,695:44,5,11,6,16,94,117,159,5.32,0.43,0.95,0.52,1.38,8.11,10.09,13.71,20.0,44.0,64.0
"JOKINEN, JUSSI",Carolina,79,1000:12,6,17,11,23,78,123,159,7.69,0.36,1.02,0.66,1.38,4.68,7.38,9.54,15.4,43.6,59.0
"PONIKAROVSKY, ALEXEI",New Jersey,82,1049:32,9,15,7,24,134,178,232,6.72,0.51,0.86,0.40,1.37,7.66,10.18,13.26,27.3,45.5,72.7
"HARTIKAINEN, TEEMU",Edmonton,17,219:24,2,3,2,5,24,29,36,8.33,0.55,0.82,0.55,1.37,6.56,7.93,9.85,25.0,37.5,62.5
"RAU, CHAD",Minnesota,9,87:52,2,0,0,2,7,9,10,28.57,1.37,0.00,0.00,1.37,4.78,6.15,6.83,100.0,0.0,100.0
"DUCHENE, MATT",Colorado,58,748:34,8,9,2,17,100,137,186,8.00,0.64,0.72,0.16,1.36,8.02,10.98,14.91,34.8,39.1,73.9
"PERRY, COREY",Anaheim,80,1239:39,18,10,8,28,185,265,329,9.73,0.87,0.48,0.39,1.36,8.95,12.83,15.92,46.2,25.6,71.8
"LEINO, VILLE",Buffalo,71,1018:41,7,16,8,23,73,111,155,9.59,0.41,0.94,0.47,1.35,4.30,6.54,9.13,18.9,43.2,62.2
"O_BRIEN, JIM",Ottawa,28,266:00,3,3,2,6,35,45,62,8.57,0.68,0.68,0.45,1.35,7.89,10.15,13.98,30.0,30.0,60.0
"DUBINSKY, BRANDON",NY Rangers,77,976:06,9,13,9,22,123,168,210,7.32,0.55,0.80,0.55,1.35,7.56,10.33,12.91,27.3,39.4,66.7
"KULEMIN, NIKOLAI",Toronto,70,887:50,5,15,5,20,91,160,204,5.49,0.34,1.01,0.34,1.35,6.15,10.81,13.79,13.5,40.5,54.1
"MALHOTRA, MANNY",Vancouver,78,755:38,6,11,4,17,54,70,93,11.11,0.48,0.87,0.32,1.35,4.29,5.56,7.38,25.0,45.8,70.8
"LEBLANC, LOUIS",Montreal,42,444:51,5,5,3,10,58,79,97,8.62,0.67,0.67,0.40,1.35,7.82,10.66,13.08,31.2,31.2,62.5
"NYSTROM, ERIC",Dallas,74,891:26,15,5,3,20,96,135,175,15.62,1.01,0.34,0.20,1.35,6.46,9.09,11.78,55.6,18.5,74.1
"LOMBARDI, MATTHEW",Toronto,62,713:44,7,9,6,16,88,112,137,7.95,0.59,0.76,0.50,1.34,7.40,9.42,11.52,30.4,39.1,69.6
"MALONE, BRAD",Colorado,9,89:25,0,2,2,2,5,9,11,0.00,0.00,1.34,1.34,1.34,3.36,6.04,7.38,0.0,100.0,100.0
"DA_COSTA, STEPHANE",Ottawa,22,223:55,3,2,2,5,25,39,52,12.00,0.80,0.54,0.54,1.34,6.70,10.45,13.93,37.5,25.0,62.5
"STEWART, CHRIS",St. Louis,79,1030:24,10,13,9,23,130,172,207,7.69,0.58,0.76,0.52,1.34,7.57,10.02,12.05,30.3,39.4,69.7
"WOYWITKA, JEFF",NY Rangers,27,269:25,1,5,2,6,13,18,33,7.69,0.22,1.11,0.45,1.34,2.90,4.01,7.35,12.5,62.5,75.0
"ZOLNIERCZYK, HARRY",Philadelphia,37,270:32,3,3,2,6,47,65,78,6.38,0.67,0.67,0.44,1.33,10.42,14.42,17.30,37.5,37.5,75.0
"LAPIERRE, MAXIM",Vancouver,82,812:55,9,9,5,18,94,123,153,9.57,0.66,0.66,0.37,1.33,6.94,9.08,11.29,37.5,37.5,75.0
"MITCHELL, JOHN",NY Rangers,63,587:30,4,9,4,13,60,87,111,6.67,0.41,0.92,0.41,1.33,6.13,8.89,11.34,17.4,39.1,56.5
"WALLACE, TIM",Tampa Bay,49,407:19,3,6,4,9,25,31,47,12.00,0.44,0.88,0.59,1.33,3.68,4.57,6.92,27.3,54.5,81.8
"ADAMS, CRAIG",Pittsburgh,82,679:21,5,10,5,15,66,90,116,7.58,0.44,0.88,0.44,1.32,5.83,7.95,10.25,23.8,47.6,71.4
"TYRELL, DANA",Tampa Bay,26,226:37,0,5,3,5,22,32,40,0.00,0.00,1.32,0.79,1.32,5.82,8.47,10.59,0.0,83.3,83.3
"DALPE, ZAC",Carolina,16,136:45,1,2,2,3,18,25,31,5.56,0.44,0.88,0.88,1.32,7.90,10.97,13.60,20.0,40.0,60.0
"JOHNSON, NICK",Minnesota,77,1048:50,8,15,12,23,140,171,210,5.71,0.46,0.86,0.69,1.32,8.01,9.78,12.01,23.5,44.1,67.6
"LINDSTROM, JOAKIM",Colorado,16,182:27,1,3,0,4,13,20,32,7.69,0.33,0.99,0.00,1.32,4.28,6.58,10.52,20.0,60.0,80.0
"STAJAN, MATT",Calgary,61,685:26,7,8,4,15,73,88,114,9.59,0.61,0.70,0.35,1.31,6.39,7.70,9.98,30.4,34.8,65.2
"BYFUGLIEN, DUSTIN",Winnipeg,66,1234:07,6,21,9,27,150,235,315,4.00,0.29,1.02,0.44,1.31,7.29,11.43,15.31,10.9,38.2,49.1
"HAVLAT, MARTIN",San Jose,39,548:56,2,10,7,12,75,101,134,2.67,0.22,1.09,0.77,1.31,8.20,11.04,14.65,10.0,50.0,60.0
"BROUWER, TROY",Washington,82,1058:00,12,11,5,23,99,138,188,12.12,0.68,0.62,0.28,1.30,5.61,7.83,10.66,31.6,28.9,60.5
"KUBALIK, TOMAS",Columbus,8,92:41,1,1,0,2,8,10,13,12.50,0.65,0.65,0.00,1.29,5.18,6.47,8.42,33.3,33.3,66.7
"HEATLEY, DANY",Minnesota,82,1299:38,12,16,10,28,148,205,272,8.11,0.55,0.74,0.46,1.29,6.83,9.46,12.56,28.6,38.1,66.7
"MESZAROS, ANDREJ",Philadelphia,62,981:10,5,16,10,21,80,110,173,6.25,0.31,0.98,0.61,1.28,4.89,6.73,10.58,10.4,33.3,43.8
"MAYERS, JAMAL",Chicago,81,655:34,6,8,6,14,64,96,113,9.38,0.55,0.73,0.55,1.28,5.86,8.79,10.34,33.3,44.4,77.8
"BURMISTROV, ALEXANDER",Winnipeg,76,984:20,9,12,7,21,96,142,184,9.38,0.55,0.73,0.43,1.28,5.85,8.66,11.22,24.3,32.4,56.8
"ELLER, LARS",Montreal,79,986:04,11,10,8,21,102,146,218,10.78,0.67,0.61,0.49,1.28,6.21,8.88,13.26,36.7,33.3,70.0
"PYATT, TAYLOR",Arizona,73,846:45,9,9,5,18,106,138,174,8.49,0.64,0.64,0.35,1.28,7.51,9.78,12.33,33.3,33.3,66.7
"RICHARDS, MIKE",Los Angeles,74,941:21,8,12,6,20,101,163,226,7.92,0.51,0.76,0.38,1.27,6.44,10.39,14.40,29.6,44.4,74.1
"MCLEOD, CODY",Colorado,75,523:15,6,5,1,11,61,86,104,9.84,0.69,0.57,0.11,1.26,6.99,9.86,11.93,37.5,31.2,68.8
"GAUSTAD, PAUL",Nashville,70,810:41,7,10,7,17,69,97,118,10.14,0.52,0.74,0.52,1.26,5.11,7.18,8.73,28.0,40.0,68.0
"MORROW, BRENDEN",Dallas,57,763:48,5,11,3,16,66,91,120,7.58,0.39,0.86,0.24,1.26,5.18,7.15,9.43,17.9,39.3,57.1
"DADONOV, EVGENY",Florida,15,143:16,2,1,1,3,20,27,28,10.00,0.84,0.42,0.42,1.26,8.38,11.31,11.73,40.0,20.0,60.0
"KOIVU, MIKKO",Minnesota,55,812:21,4,13,7,17,75,101,129,5.33,0.30,0.96,0.52,1.26,5.54,7.46,9.53,16.0,52.0,68.0
"KOBASEW, CHUCK",Colorado,58,574:21,6,6,5,12,57,74,102,10.53,0.63,0.63,0.52,1.25,5.95,7.73,10.66,40.0,40.0,80.0
"JOSEFSON, JACOB",New Jersey,41,431:44,2,7,4,9,34,46,55,5.88,0.28,0.97,0.56,1.25,4.73,6.39,7.64,14.3,50.0,64.3
"BRUNETTE, ANDREW",Chicago,78,864:18,7,11,9,18,59,76,90,11.86,0.49,0.76,0.62,1.25,4.10,5.28,6.25,24.1,37.9,62.1
"GETZLAF, RYAN",Anaheim,82,1296:29,4,23,16,27,118,176,236,3.39,0.19,1.06,0.74,1.25,5.46,8.15,10.92,9.8,56.1,65.9
"DVORAK, RADEK",Dallas,73,864:48,3,15,11,18,78,115,151,3.85,0.21,1.04,0.76,1.25,5.41,7.98,10.48,11.1,55.6,66.7
"HAGMAN, NIKLAS",Anaheim,71,865:27,5,13,10,18,109,164,207,4.59,0.35,0.90,0.69,1.25,7.56,11.37,14.35,20.0,52.0,72.0
"PARK, RICHARD",Pittsburgh,54,530:32,6,5,2,11,42,57,76,14.29,0.68,0.57,0.23,1.24,4.75,6.45,8.60,33.3,27.8,61.1
"MITCHELL, TORREY",San Jose,76,869:12,8,10,5,18,91,117,159,8.79,0.55,0.69,0.35,1.24,6.28,8.08,10.98,27.6,34.5,62.1
"EBBETT, ANDREW",Vancouver,18,145:26,2,1,0,3,22,29,31,9.09,0.83,0.41,0.00,1.24,9.08,11.96,12.79,40.0,20.0,60.0
"SCHENN, BRAYDEN",Philadelphia,54,631:22,8,5,3,13,75,102,138,10.67,0.76,0.48,0.29,1.24,7.13,9.69,13.11,38.1,23.8,61.9
"SMITH-PELLY, DEVANTE",Anaheim,49,486:39,5,5,2,10,60,84,106,8.33,0.62,0.62,0.25,1.23,7.40,10.36,13.07,35.7,35.7,71.4
"GORDON, BOYD",Arizona,75,925:10,7,12,6,19,105,125,156,6.67,0.45,0.78,0.39,1.23,6.81,8.11,10.12,21.2,36.4,57.6
"FIDDLER, VERNON",Dallas,82,925:53,8,11,6,19,106,147,184,7.55,0.52,0.71,0.39,1.23,6.87,9.53,11.92,33.3,45.8,79.2
"LEE, BRIAN",Tampa Bay,55,735:07,1,14,5,15,29,58,79,3.45,0.08,1.14,0.41,1.22,2.37,4.73,6.45,3.8,53.8,57.7
"SUTTER, BRANDON",Carolina,82,1127:57,10,13,11,23,143,191,244,6.99,0.53,0.69,0.59,1.22,7.61,10.16,12.98,34.5,44.8,79.3
"FRATTIN, MATT",Toronto,56,686:34,8,6,6,14,84,128,169,9.52,0.70,0.52,0.52,1.22,7.34,11.19,14.77,30.8,23.1,53.8
"BELESKEY, MATT",Anaheim,70,690:15,4,10,5,14,75,109,153,5.33,0.35,0.87,0.43,1.22,6.52,9.47,13.30,16.7,41.7,58.3
"KESLER, RYAN",Vancouver,77,1036:20,10,11,10,21,135,203,272,7.41,0.58,0.64,0.58,1.22,7.82,11.75,15.75,26.3,28.9,55.3
"FERRIERO, BENN",San Jose,35,396:21,7,1,0,8,66,81,101,10.61,1.06,0.15,0.00,1.21,9.99,12.26,15.29,58.3,8.3,66.7
"WANDELL, TOM",Dallas,72,644:14,4,9,6,13,95,131,172,4.21,0.37,0.84,0.56,1.21,8.85,12.20,16.02,28.6,64.3,92.9
"CONDRA, ERIK",Ottawa,81,892:51,5,13,9,18,109,150,193,4.59,0.34,0.87,0.60,1.21,7.32,10.08,12.97,15.2,39.4,54.5
"BIEKSA, KEVIN",Vancouver,78,1391:04,5,23,8,28,122,187,280,4.10,0.22,0.99,0.35,1.21,5.26,8.07,12.08,7.8,35.9,43.8
"BOYES, BRAD",Buffalo,65,695:38,6,8,5,14,73,101,122,8.22,0.52,0.69,0.43,1.21,6.30,8.71,10.52,30.0,40.0,70.0
"YANDLE, KEITH",Arizona,82,1443:35,10,19,11,29,154,224,313,6.49,0.42,0.79,0.46,1.21,6.40,9.31,13.01,16.1,30.6,46.8
"FEDOTENKO, RUSLAN",NY Rangers,73,852:26,7,10,5,17,84,112,142,8.33,0.49,0.70,0.35,1.20,5.91,7.88,9.99,25.0,35.7,60.7
"WINCHESTER, BRAD",San Jose,67,502:28,6,4,3,10,68,85,105,8.82,0.72,0.48,0.36,1.19,8.12,10.15,12.54,54.5,36.4,90.9
"LAICH, BROOKS",Washington,82,1056:20,6,15,14,21,134,178,213,4.48,0.34,0.85,0.80,1.19,7.61,10.11,12.10,17.6,44.1,61.8
"CLOWE, RYANE",San Jose,76,1108:51,10,12,6,22,133,174,221,7.52,0.54,0.65,0.32,1.19,7.20,9.42,11.96,26.3,31.6,57.9
"YIP, BRANDON",Nashville,35,353:08,3,4,3,7,40,51,60,7.50,0.51,0.68,0.51,1.19,6.80,8.67,10.19,27.3,36.4,63.6
"BERGENHEIM, SEAN",Florida,62,808:24,10,6,3,16,152,202,235,6.58,0.74,0.45,0.22,1.19,11.28,14.99,17.44,40.0,24.0,64.0
"BERGERON, MARC-ANDRE",Tampa Bay,43,658:12,3,10,6,13,48,78,130,6.25,0.27,0.91,0.55,1.19,4.38,7.11,11.85,8.3,27.8,36.1
"NIKITIN, NIKITA",Columbus,61,1014:14,4,16,5,20,57,92,137,7.02,0.24,0.95,0.30,1.18,3.37,5.44,8.10,10.0,40.0,50.0
"HUSKINS, KENT",St. Louis,25,355:05,2,5,0,7,13,22,36,15.38,0.34,0.84,0.00,1.18,2.20,3.72,6.08,13.3,33.3,46.7
"SPALING, NICK",Nashville,77,1014:31,10,10,5,20,104,131,155,9.62,0.59,0.59,0.30,1.18,6.15,7.75,9.17,30.3,30.3,60.6
"PENNER, DUSTIN",Los Angeles,65,811:59,6,10,7,16,110,157,196,5.45,0.44,0.74,0.52,1.18,8.13,11.60,14.48,30.0,50.0,80.0
"HEJDUK, MILAN",Colorado,81,1119:54,8,14,10,22,125,162,219,6.40,0.43,0.75,0.54,1.18,6.70,8.68,11.73,20.0,35.0,55.0
"PYATT, TOM",Tampa Bay,74,872:48,10,7,4,17,81,104,124,12.35,0.69,0.48,0.28,1.17,5.57,7.15,8.52,41.7,29.2,70.8
"MATTHIAS, SHAWN",Florida,79,925:15,6,12,9,18,114,147,177,5.26,0.39,0.78,0.58,1.17,7.39,9.53,11.48,24.0,48.0,72.0
"VINCOUR, TOMAS",Dallas,47,464:40,3,6,4,9,64,91,120,4.69,0.39,0.77,0.52,1.16,8.26,11.75,15.49,27.3,54.5,81.8
"SHANNON, RYAN",Tampa Bay,45,465:31,3,6,5,9,38,53,64,7.89,0.39,0.77,0.64,1.16,4.90,6.83,8.25,20.0,40.0,60.0
"WARD, JOEL",Washington,73,828:15,5,11,6,16,77,98,135,6.49,0.36,0.80,0.43,1.16,5.58,7.10,9.78,17.9,39.3,57.1
"MAYOROV, MAXIM",Columbus,10,103:47,1,1,1,2,9,9,9,11.11,0.58,0.58,0.58,1.16,5.20,5.20,5.20,50.0,50.0,100.0
"WINCHESTER, JESSE",Ottawa,32,259:30,1,4,2,5,44,58,76,2.27,0.23,0.92,0.46,1.16,10.17,13.41,17.57,11.1,44.4,55.6
"PICARD, ALEXANDRE",Pittsburgh,17,207:55,0,4,2,4,10,13,18,0.00,0.00,1.15,0.58,1.15,2.89,3.75,5.19,0.0,30.8,30.8
"SLATER, JIM",Winnipeg,78,936:34,10,8,6,18,105,140,162,9.52,0.64,0.51,0.38,1.15,6.73,8.97,10.38,34.5,27.6,62.1
"CHARA, ZDENO",Boston,79,1457:55,4,24,10,28,144,196,289,2.78,0.16,0.99,0.41,1.15,5.93,8.07,11.89,5.2,31.2,36.4
"KASSIAN, ZACK",Vancouver,44,468:39,4,5,4,9,51,69,92,7.84,0.51,0.64,0.51,1.15,6.53,8.83,11.78,26.7,33.3,60.0
"MOSS, DAVID",Calgary,32,364:31,2,5,3,7,75,100,125,2.67,0.33,0.82,0.49,1.15,12.35,16.46,20.58,22.2,55.6,77.8
"KOPECKY, TOMAS",Florida,80,989:29,7,12,6,19,106,157,228,6.60,0.42,0.73,0.36,1.15,6.43,9.52,13.83,21.9,37.5,59.4
"MCMILLAN, BRANDON",Anaheim,25,208:21,0,4,1,4,22,26,30,0.00,0.00,1.15,0.29,1.15,6.34,7.49,8.64,0.0,57.1,57.1
"MOORE, DOMINIC",San Jose,79,990:51,3,16,9,19,89,123,172,3.37,0.18,0.97,0.55,1.15,5.39,7.45,10.42,11.5,61.5,73.1
"CAMPBELL, GREGORY",Boston,78,834:48,8,8,1,16,67,93,121,11.94,0.57,0.57,0.07,1.15,4.82,6.68,8.70,33.3,33.3,66.7
"WINGELS, TOMMY",San Jose,33,418:39,3,5,3,8,64,89,113,4.69,0.43,0.72,0.43,1.15,9.17,12.76,16.19,27.3,45.5,72.7
"HORAK, ROMAN",Calgary,61,580:36,3,8,5,11,48,63,81,6.25,0.31,0.83,0.52,1.14,4.96,6.51,8.37,16.7,44.4,61.1
"DREWISKE, DAVIS",Los Angeles,9,105:58,2,0,0,2,11,13,22,18.18,1.13,0.00,0.00,1.13,6.23,7.36,12.46,100.0,0.0,100.0
"GOMEZ, SCOTT",Montreal,38,424:29,0,8,7,8,40,61,83,0.00,0.00,1.13,0.99,1.13,5.65,8.62,11.73,0.0,57.1,57.1
"PAILLE, DANIEL",Boston,69,690:08,7,6,4,13,79,103,123,8.86,0.61,0.52,0.35,1.13,6.87,8.95,10.69,35.0,30.0,65.0
"BABCHUK, ANTON",Calgary,32,371:42,1,6,3,7,29,44,75,3.45,0.16,0.97,0.48,1.13,4.68,7.10,12.11,7.7,46.2,53.8
"PALMIERI, NICK",Minnesota,38,372:04,4,3,1,7,52,70,79,7.69,0.65,0.48,0.16,1.13,8.39,11.29,12.74,40.0,30.0,70.0
"D_AGOSTINI, MATT",St. Louis,55,643:31,4,8,5,12,80,122,163,5.00,0.37,0.75,0.47,1.12,7.46,11.38,15.20,17.4,34.8,52.2
"VITALE, JOE",Pittsburgh,68,698:29,4,9,5,13,70,97,120,5.71,0.34,0.77,0.43,1.12,6.01,8.33,10.31,21.1,47.4,68.4
"ZAJAC, TRAVIS",New Jersey,15,215:15,1,3,2,4,21,28,35,4.76,0.28,0.84,0.56,1.11,5.85,7.80,9.76,20.0,60.0,80.0
"BOYLE, DAN",San Jose,81,1517:33,4,24,5,28,139,190,290,2.88,0.16,0.95,0.20,1.11,5.50,7.51,11.47,6.3,38.1,44.4
"RINALDO, ZAC",Philadelphia,66,488:09,2,7,5,9,54,71,93,3.70,0.25,0.86,0.61,1.11,6.64,8.73,11.43,11.1,38.9,50.0
"MACENAUER, MAXIME",Anaheim,29,218:35,1,3,2,4,10,14,17,10.00,0.27,0.82,0.55,1.10,2.74,3.84,4.67,20.0,60.0,80.0
"TIMONEN, KIMMO",Philadelphia,76,985:20,0,18,11,18,79,110,146,0.00,0.00,1.10,0.67,1.10,4.81,6.70,8.89,0.0,40.9,40.9
"STONE, MICHAEL",Arizona,13,164:19,1,2,2,3,13,20,25,7.69,0.37,0.73,0.73,1.10,4.75,7.30,9.13,10.0,20.0,30.0
"MCNABB, BRAYDEN",Buffalo,25,385:10,0,7,2,7,19,29,44,0.00,0.00,1.09,0.31,1.09,2.96,4.52,6.85,0.0,50.0,50.0
"BYRON, PAUL",Calgary,22,220:27,2,2,1,4,12,15,20,16.67,0.54,0.54,0.27,1.09,3.27,4.08,5.44,33.3,33.3,66.7
"JOHNSON, AARON",Columbus,56,773:34,2,12,5,14,49,71,93,4.08,0.16,0.93,0.39,1.09,3.80,5.51,7.21,7.1,42.9,50.0
"MIETTINEN, ANTTI",Winnipeg,45,442:09,3,5,3,8,48,65,89,6.25,0.41,0.68,0.41,1.09,6.51,8.82,12.08,25.0,41.7,66.7
"GALIARDI, T.J.",San Jose,69,774:07,8,6,2,14,98,130,171,8.16,0.62,0.47,0.15,1.09,7.60,10.08,13.25,42.1,31.6,73.7
"PRUST, BRANDON",NY Rangers,82,829:32,3,12,7,15,57,75,90,5.26,0.22,0.87,0.51,1.08,4.12,5.42,6.51,11.5,46.2,57.7
"SULZER, ALEXANDER",Buffalo,27,444:43,3,5,2,8,31,44,73,9.68,0.40,0.67,0.27,1.08,4.18,5.94,9.85,12.0,20.0,32.0
"ENSTROM, TOBIAS",Winnipeg,62,1114:21,4,16,8,20,56,78,116,7.14,0.22,0.86,0.43,1.08,3.02,4.20,6.25,7.5,30.2,37.7
"HALPERN, JEFF",Washington,69,724:32,4,9,6,13,60,79,99,6.67,0.33,0.75,0.50,1.08,4.97,6.54,8.20,21.1,47.4,68.4
"MACKENZIE, DEREK",Columbus,66,558:06,4,6,2,10,52,68,82,7.69,0.43,0.65,0.21,1.08,5.59,7.31,8.82,28.6,42.9,71.4
"GILROY, MATT",Ottawa,67,1010:40,3,15,6,18,69,90,138,4.35,0.18,0.89,0.36,1.07,4.10,5.34,8.19,6.2,31.2,37.5
"PALUSHAJ, AARON",Montreal,38,282:41,1,4,1,5,37,50,69,2.70,0.21,0.85,0.21,1.06,7.85,10.61,14.65,12.5,50.0,62.5
"GERVAIS, BRUNO",Tampa Bay,50,622:58,5,6,3,11,51,72,100,9.80,0.48,0.58,0.29,1.06,4.91,6.93,9.63,19.2,23.1,42.3
"CARLE, MATT",Philadelphia,82,1416:55,1,24,9,25,98,130,215,1.02,0.04,1.02,0.38,1.06,4.15,5.50,9.10,1.7,40.0,41.7
"THOMPSON, NATE",Tampa Bay,68,794:59,9,5,2,14,76,95,121,11.84,0.68,0.38,0.15,1.06,5.74,7.17,9.13,47.4,26.3,73.7
"DORSETT, DEREK",Columbus,77,909:35,9,7,5,16,113,146,172,7.96,0.59,0.46,0.33,1.06,7.45,9.63,11.35,39.1,30.4,69.6
"BOLLAND, DAVE",Chicago,76,910:55,7,9,6,16,89,113,149,7.87,0.46,0.59,0.40,1.05,5.86,7.44,9.81,21.2,27.3,48.5
"NOKELAINEN, PETTERI",Montreal,56,402:11,3,4,4,7,36,49,65,8.33,0.45,0.60,0.60,1.04,5.37,7.31,9.70,33.3,44.4,77.8
"SKILLE, JACK",Florida,46,518:13,3,6,6,9,68,94,123,4.41,0.35,0.69,0.69,1.04,7.87,10.88,14.24,27.3,54.5,81.8
"THOMAS, BILL",Florida,7,57:44,1,0,0,1,9,11,17,11.11,1.04,0.00,0.00,1.04,9.35,11.43,17.67,100.0,0.0,100.0
"HUNTER, TRENT",Los Angeles,38,347:00,2,4,3,6,48,63,82,4.17,0.35,0.69,0.52,1.04,8.30,10.89,14.18,25.0,50.0,75.0
"SAMSON, JEROME",Carolina,16,174:04,1,2,2,3,28,38,50,3.57,0.34,0.69,0.69,1.03,9.65,13.10,17.23,20.0,40.0,60.0
"PITKANEN, JONI",Carolina,30,466:16,3,5,3,8,36,58,76,8.33,0.39,0.64,0.39,1.03,4.63,7.46,9.78,18.8,31.2,50.0
"GRACHEV, EVGENY",St. Louis,26,233:40,1,3,1,4,13,18,22,7.69,0.26,0.77,0.26,1.03,3.34,4.62,5.65,16.7,50.0,66.7
"NOLAN, JORDAN",Los Angeles,26,234:22,2,2,2,4,19,28,31,10.53,0.51,0.51,0.51,1.02,4.86,7.17,7.94,33.3,33.3,66.7
"VOYNOV, SLAVA",Los Angeles,54,821:27,5,9,6,14,63,98,159,7.94,0.37,0.66,0.44,1.02,4.60,7.16,11.61,14.7,26.5,41.2
"KAMPFER, STEVEN",Minnesota,23,293:24,2,3,2,5,16,28,46,12.50,0.41,0.61,0.41,1.02,3.27,5.73,9.41,13.3,20.0,33.3
"GLASS, TANNER",Winnipeg,78,880:55,5,10,5,15,79,101,123,6.33,0.34,0.68,0.34,1.02,5.38,6.88,8.38,20.8,41.7,62.5
"MCCLEMENT, JAY",Colorado,80,825:08,9,5,3,14,81,109,142,11.11,0.65,0.36,0.22,1.02,5.89,7.93,10.33,37.5,20.8,58.3
"KINDL, JAKUB",Detroit,55,709:29,1,11,6,12,57,76,99,1.75,0.08,0.93,0.51,1.01,4.82,6.43,8.37,3.6,39.3,42.9
"EMMERTON, CORY",Detroit,71,532:17,6,3,1,9,60,81,99,10.00,0.68,0.34,0.11,1.01,6.76,9.13,11.16,40.0,20.0,60.0
"SCHENN, LUKE",Toronto,79,1125:59,1,18,7,19,74,116,177,1.35,0.05,0.96,0.37,1.01,3.94,6.18,9.43,2.0,36.0,38.0
"FERENCE, ANDREW",Boston,72,1127:40,4,15,6,19,83,128,191,4.82,0.21,0.80,0.32,1.01,4.42,6.81,10.16,8.0,30.0,38.0
"WINNIK, DANIEL",San Jose,84,1131:18,6,13,7,19,158,221,274,3.80,0.32,0.69,0.37,1.01,8.38,11.72,14.53,20.7,44.8,65.5
"ELLIOTT, STEFAN",Colorado,39,536:39,3,6,2,9,56,69,120,5.36,0.34,0.67,0.22,1.01,6.26,7.71,13.42,13.6,27.3,40.9
"BROWN, J.T.",Tampa Bay,5,59:49,0,1,0,1,13,14,24,0.00,0.00,1.00,0.00,1.00,13.04,14.04,24.07,0.0,33.3,33.3
"BERNIER, STEVE",New Jersey,32,360:08,1,5,4,6,22,26,36,4.55,0.17,0.83,0.67,1.00,3.67,4.33,6.00,7.1,35.7,42.9
"SHATTENKIRK, KEVIN",St. Louis,81,1263:22,3,18,9,21,108,151,212,2.78,0.14,0.85,0.43,1.00,5.13,7.17,10.07,6.4,38.3,44.7
"LEDDY, NICK",Chicago,82,1445:31,2,22,9,24,70,96,143,2.86,0.08,0.91,0.37,1.00,2.91,3.98,5.94,3.5,38.6,42.1
"CLIFFORD, KYLE",Los Angeles,81,724:29,5,7,5,12,87,120,142,5.75,0.41,0.58,0.41,0.99,7.21,9.94,11.76,29.4,41.2,70.6
"SMITH, BEN",Chicago,13,121:33,2,0,0,2,18,19,23,11.11,0.99,0.00,0.00,0.99,8.89,9.38,11.35,50.0,0.0,50.0
"VANDERMEER, JIM",San Jose,25,244:01,1,3,0,4,19,26,40,5.26,0.25,0.74,0.00,0.98,4.67,6.39,9.84,20.0,60.0,80.0
"BOGOSIAN, ZACH",Winnipeg,65,1098:45,4,14,5,18,89,142,205,4.49,0.22,0.76,0.27,0.98,4.86,7.75,11.19,10.0,35.0,45.0
"KLEIN, KEVIN",Nashville,66,1098:52,4,14,8,18,84,112,162,4.76,0.22,0.76,0.44,0.98,4.59,6.12,8.85,12.1,42.4,54.5
"BOURQUE, RENE",Montreal,76,977:43,13,3,2,16,125,164,236,10.40,0.80,0.18,0.12,0.98,7.67,10.06,14.48,46.4,10.7,57.1
"THORNTON, SHAWN",Boston,81,735:01,4,8,7,12,110,147,182,3.64,0.33,0.65,0.57,0.98,8.98,12.00,14.86,25.0,50.0,75.0
"DOWELL, JAKE",Dallas,52,367:31,2,4,3,6,38,52,68,5.26,0.33,0.65,0.49,0.98,6.20,8.49,11.10,22.2,44.4,66.7
"KULIKOV, DMITRY",Florida,58,981:36,2,14,8,16,64,104,158,3.12,0.12,0.86,0.49,0.98,3.91,6.36,9.66,5.6,38.9,44.4
"PIRRI, BRANDON",Chicago,5,61:25,0,1,0,1,5,7,11,0.00,0.00,0.98,0.00,0.98,4.88,6.84,10.75,0.0,33.3,33.3
"DEL_ZOTTO, MICHAEL",NY Rangers,77,1229:05,8,12,7,20,70,94,137,11.43,0.39,0.59,0.34,0.98,3.42,4.59,6.69,15.4,23.1,38.5
"THORBURN, CHRIS",Winnipeg,72,677:21,4,7,6,11,67,94,118,5.97,0.35,0.62,0.53,0.97,5.93,8.33,10.45,23.5,41.2,64.7
"FRANSON, CODY",Toronto,57,805:46,3,10,4,13,44,66,127,6.82,0.22,0.74,0.30,0.97,3.28,4.91,9.46,9.7,32.3,41.9
"BLAKE, JASON",Anaheim,45,558:42,5,4,2,9,92,131,155,5.43,0.54,0.43,0.21,0.97,9.88,14.07,16.65,35.7,28.6,64.3
"CONNOLLY, BRETT",Tampa Bay,68,683:14,2,9,3,11,81,114,137,2.47,0.18,0.79,0.26,0.97,7.11,10.01,12.03,9.1,40.9,50.0
"HORDICHUK, DARCY",Edmonton,43,186:24,1,2,2,3,27,31,37,3.70,0.32,0.64,0.64,0.97,8.69,9.98,11.91,33.3,66.7,100.0
"MURSAK, JAN",Detroit,25,186:41,1,2,0,3,22,31,38,4.55,0.32,0.64,0.00,0.96,7.07,9.96,12.21,25.0,50.0,75.0
"KABERLE, TOMAS",Montreal,72,933:28,2,13,1,15,47,68,98,4.26,0.13,0.84,0.06,0.96,3.02,4.37,6.30,5.6,36.1,41.7
"REESE, DYLAN",NY Islanders,28,437:34,1,6,2,7,24,40,60,4.17,0.14,0.82,0.27,0.96,3.29,5.48,8.23,5.0,30.0,35.0
"COLE, IAN",St. Louis,26,377:17,1,5,0,6,14,29,46,7.14,0.16,0.80,0.00,0.95,2.23,4.61,7.32,7.1,35.7,42.9
"GORDON, ANDREW",Anaheim,37,315:01,2,3,2,5,35,53,67,5.71,0.38,0.57,0.38,0.95,6.67,10.09,12.76,40.0,60.0,100.0
"SETOGUCHI, DEVIN",Minnesota,69,946:52,8,7,3,15,126,161,222,6.35,0.51,0.44,0.19,0.95,7.98,10.20,14.07,32.0,28.0,60.0
"SEABROOK, BRENT",Chicago,78,1455:12,6,17,5,23,106,146,203,5.66,0.25,0.70,0.21,0.95,4.37,6.02,8.37,8.5,23.9,32.4
"GARDINER, JAKE",Toronto,75,1269:08,5,15,9,20,60,103,162,8.33,0.24,0.71,0.43,0.95,2.84,4.87,7.66,8.2,24.6,32.8
"CLUTTERBUCK, CAL",Minnesota,74,891:27,8,6,4,14,115,167,212,6.96,0.54,0.40,0.27,0.94,7.74,11.24,14.27,34.8,26.1,60.9
"BOYCHUK, ZACH",Carolina,16,127:56,0,2,1,2,8,11,17,0.00,0.00,0.94,0.47,0.94,3.75,5.16,7.97,0.0,66.7,66.7
"BICKEL, STU",NY Rangers,51,513:02,0,8,5,8,22,41,55,0.00,0.00,0.94,0.58,0.94,2.57,4.79,6.43,0.0,40.0,40.0
"PAHLSSON, SAMUEL",Vancouver,80,963:53,3,12,7,15,87,122,157,3.45,0.19,0.75,0.44,0.93,5.42,7.59,9.77,11.5,46.2,57.7
"HAMHUIS, DAN",Vancouver,82,1414:26,3,19,8,22,91,140,238,3.30,0.13,0.81,0.34,0.93,3.86,5.94,10.10,4.2,26.4,30.6
"ORLOV, DMITRY",Washington,60,900:20,3,11,5,14,44,64,93,6.82,0.20,0.73,0.33,0.93,2.93,4.27,6.20,9.4,34.4,43.8
"MCDONAGH, RYAN",NY Rangers,82,1613:03,6,19,10,25,98,145,202,6.12,0.22,0.71,0.37,0.93,3.65,5.39,7.51,9.7,30.6,40.3
"EKMAN-LARSSON, OLIVER",Arizona,82,1426:49,10,12,4,22,106,158,248,9.43,0.42,0.50,0.17,0.93,4.46,6.64,10.43,18.9,22.6,41.5
"BOYCE, DARRYL",Columbus,37,324:18,1,4,3,5,24,35,48,4.17,0.18,0.74,0.56,0.93,4.44,6.48,8.88,16.7,66.7,83.3
"BURNS, BRENT",San Jose,81,1362:39,6,15,8,21,136,198,322,4.41,0.26,0.66,0.35,0.92,5.99,8.72,14.18,11.8,29.4,41.2
"MORRISON, BRENDAN",Chicago,39,455:05,4,3,1,7,39,50,65,10.26,0.53,0.40,0.13,0.92,5.14,6.59,8.57,33.3,25.0,58.3
"SOBOTKA, VLADIMIR",St. Louis,73,911:28,4,10,7,14,95,142,178,4.21,0.26,0.66,0.46,0.92,6.25,9.35,11.72,14.3,35.7,50.0
"GREENE, ANDY",New Jersey,56,911:42,1,13,6,14,43,71,102,2.33,0.07,0.86,0.39,0.92,2.83,4.67,6.71,2.4,31.0,33.3
"PETRY, JEFF",Edmonton,73,1243:14,1,18,11,19,83,123,185,1.20,0.05,0.87,0.53,0.92,4.01,5.94,8.93,2.0,36.0,38.0
"EDLER, ALEXANDER",Vancouver,82,1375:24,5,16,8,21,127,188,286,3.94,0.22,0.70,0.35,0.92,5.54,8.20,12.48,9.6,30.8,40.4
"WESTGARTH, KEVIN",Los Angeles,25,131:03,1,1,1,2,13,19,23,7.69,0.46,0.46,0.46,0.92,5.95,8.70,10.53,20.0,20.0,40.0
"KASSIAN, MATT",Minnesota,24,131:14,2,0,0,2,13,16,19,15.38,0.91,0.00,0.00,0.91,5.94,7.32,8.69,66.7,0.0,66.7
"BACKLUND, MIKAEL",Calgary,41,526:59,2,6,3,8,72,100,122,2.78,0.23,0.68,0.34,0.91,8.20,11.39,13.89,14.3,42.9,57.1
"SBISA, LUCA",Anaheim,80,1196:07,4,14,6,18,69,109,168,5.80,0.20,0.70,0.30,0.90,3.46,5.47,8.43,9.8,34.1,43.9
"PETERSEN, TOBY",Dallas,39,265:55,2,2,0,4,40,61,67,5.00,0.45,0.45,0.00,0.90,9.03,13.76,15.12,50.0,50.0,100.0
"WILLIAMS, JASON",Pittsburgh,8,66:30,1,0,0,1,4,8,9,25.00,0.90,0.00,0.00,0.90,3.61,7.22,8.12,100.0,0.0,100.0
"ELLIS, RYAN",Nashville,32,400:17,1,5,4,6,24,35,50,4.17,0.15,0.75,0.60,0.90,3.60,5.25,7.49,5.6,27.8,33.3
"KRONWALL, NIKLAS",Detroit,82,1335:16,8,12,1,20,85,116,165,9.41,0.36,0.54,0.04,0.90,3.82,5.21,7.41,13.6,20.3,33.9
"STREIT, MARK",NY Islanders,82,1471:39,2,20,10,22,93,127,195,2.15,0.08,0.82,0.41,0.90,3.79,5.18,7.95,3.8,37.7,41.5
"SPACEK, JAROSLAV",Carolina,46,602:23,2,7,5,9,31,46,81,6.45,0.20,0.70,0.50,0.90,3.09,4.58,8.07,7.4,25.9,33.3
"HORCOFF, SHAWN",Edmonton,81,1074:22,7,9,4,16,90,136,167,7.78,0.39,0.50,0.22,0.89,5.03,7.60,9.33,23.3,30.0,53.3
"GONCHAR, SERGEI",Ottawa,74,1211:53,2,16,11,18,76,103,168,2.63,0.10,0.79,0.54,0.89,3.76,5.10,8.32,4.9,39.0,43.9
"WILSON, RYAN",Colorado,59,943:57,1,13,7,14,59,89,136,1.69,0.06,0.83,0.44,0.89,3.75,5.66,8.64,2.7,35.1,37.8
"ST-DENIS, FREDERIC",Montreal,17,202:30,1,2,1,3,10,13,23,10.00,0.30,0.59,0.30,0.89,2.96,3.85,6.81,14.3,28.6,42.9
"KEITH, DUNCAN",Chicago,74,1485:15,3,19,9,22,112,179,262,2.68,0.12,0.77,0.36,0.89,4.52,7.23,10.58,4.5,28.4,32.8
"MOREAU, ETHAN",Los Angeles,28,270:22,1,3,2,4,29,37,53,3.45,0.22,0.67,0.44,0.89,6.44,8.21,11.76,25.0,75.0,100.0
"WEBER, YANNICK",Montreal,60,677:59,0,10,5,10,45,62,118,0.00,0.00,0.89,0.44,0.89,3.98,5.49,10.44,0.0,45.5,45.5
"ENGELLAND, DERYK",Pittsburgh,73,1085:54,4,12,5,16,84,122,182,4.76,0.22,0.66,0.28,0.88,4.64,6.74,10.06,8.7,26.1,34.8
"PORTER, CHRIS",St. Louis,47,475:19,4,3,1,7,60,76,94,6.67,0.50,0.38,0.13,0.88,7.57,9.59,11.87,30.8,23.1,53.8
"JONES, BLAIR",Calgary,43,408:01,2,4,2,6,49,62,76,4.08,0.29,0.59,0.29,0.88,7.21,9.12,11.18,28.6,57.1,85.7
"EHRHOFF, CHRISTIAN",Buffalo,66,1156:04,3,14,5,17,75,115,171,4.00,0.16,0.73,0.26,0.88,3.89,5.97,8.87,5.7,26.4,32.1
"O_SULLIVAN, PATRICK",Arizona,23,204:41,2,1,1,3,25,34,43,8.00,0.59,0.29,0.29,0.88,7.33,9.97,12.60,40.0,20.0,60.0
"PALMER, JAROD",Minnesota,6,68:22,1,0,0,1,11,13,15,9.09,0.88,0.00,0.00,0.88,9.65,11.41,13.16,50.0,0.0,50.0
"WEISE, DALE",Vancouver,68,547:12,4,4,3,8,48,63,82,8.33,0.44,0.44,0.33,0.88,5.26,6.91,8.99,30.8,30.8,61.5
"VISNOVSKY, LUBOMIR",Anaheim,68,1096:30,5,11,6,16,64,96,150,7.81,0.27,0.60,0.33,0.88,3.50,5.25,8.21,10.6,23.4,34.0
"KNUBLE, MIKE",Washington,72,822:58,4,8,4,12,79,114,137,5.06,0.29,0.58,0.29,0.87,5.76,8.31,9.99,22.2,44.4,66.7
"ROZSIVAL, MICHAL",Arizona,54,893:20,1,12,4,13,48,66,105,2.08,0.07,0.81,0.27,0.87,3.22,4.43,7.05,2.9,34.3,37.1
"WHITE, IAN",Detroit,77,1375:22,7,13,6,20,126,175,255,5.56,0.31,0.57,0.26,0.87,5.50,7.63,11.12,9.3,17.3,26.7
"COMEAU, BLAKE",Calgary,74,965:11,5,9,4,14,118,165,249,4.24,0.31,0.56,0.25,0.87,7.34,10.26,15.48,25.0,45.0,70.0
"JEFFREY, DUSTIN",Pittsburgh,26,276:03,3,1,1,4,29,37,51,10.34,0.65,0.22,0.22,0.87,6.30,8.04,11.08,42.9,14.3,57.1
"GEOFFRION, BLAKE",Montreal,35,345:11,2,3,2,5,27,40,62,7.41,0.35,0.52,0.35,0.87,4.69,6.95,10.78,25.0,37.5,62.5
"UPSHALL, SCOTTIE",Florida,26,277:58,1,3,1,4,45,68,84,2.22,0.22,0.65,0.22,0.86,9.71,14.68,18.13,16.7,50.0,66.7
"ZUCCARELLO, MATS",NY Rangers,10,69:36,1,0,0,1,6,8,11,16.67,0.86,0.00,0.00,0.86,5.17,6.90,9.48,50.0,0.0,50.0
"MURRAY, ANDREW",San Jose,39,278:34,1,3,2,4,31,42,49,3.23,0.22,0.65,0.43,0.86,6.68,9.05,10.55,11.1,33.3,44.4
"ELLIS, MATT",Buffalo,60,558:51,3,5,1,8,84,112,139,3.57,0.32,0.54,0.11,0.86,9.02,12.02,14.92,20.0,33.3,53.3
"FRASER, COLIN",Los Angeles,67,559:09,2,6,1,8,53,70,94,3.77,0.21,0.64,0.11,0.86,5.69,7.51,10.09,15.4,46.2,61.5
"STRACHAN, TYSON",Florida,15,209:49,1,2,1,3,14,24,33,7.14,0.29,0.57,0.29,0.86,4.00,6.86,9.44,16.7,33.3,50.0
"FROLIK, MICHAEL",Chicago,63,703:45,3,7,4,10,104,143,204,2.88,0.26,0.60,0.34,0.85,8.87,12.19,17.39,25.0,58.3,83.3
"CHRISTENSEN, ERIK",Minnesota,49,422:38,3,3,1,6,31,42,61,9.68,0.43,0.43,0.14,0.85,4.40,5.96,8.66,37.5,37.5,75.0
"STRALMAN, ANTON",NY Rangers,53,776:17,2,9,4,11,44,58,88,4.55,0.15,0.70,0.31,0.85,3.40,4.48,6.80,6.7,30.0,36.7
"SCHLEMKO, DAVID",Arizona,46,706:09,1,9,3,10,52,75,109,1.92,0.09,0.76,0.25,0.85,4.42,6.37,9.26,3.2,29.0,32.3
"HALL, ADAM",Tampa Bay,57,495:46,2,5,4,7,56,73,80,3.57,0.24,0.61,0.48,0.85,6.78,8.83,9.68,14.3,35.7,50.0
"DOUGHTY, DREW",Los Angeles,77,1351:21,6,13,8,19,102,153,222,5.88,0.27,0.58,0.36,0.84,4.53,6.79,9.86,14.6,31.7,46.3
"WISNIEWSKI, JAMES",Columbus,48,854:18,2,10,6,12,50,78,120,4.00,0.14,0.70,0.42,0.84,3.51,5.48,8.43,7.1,35.7,42.9
"POWE, DARROLL",Minnesota,82,925:55,6,7,5,13,98,141,172,6.12,0.39,0.45,0.32,0.84,6.35,9.14,11.15,30.0,35.0,65.0
"GOLIGOSKI, ALEX",Dallas,71,1211:33,7,10,6,17,97,161,240,7.22,0.35,0.50,0.30,0.84,4.80,7.97,11.89,14.0,20.0,34.0
"STUART, BRAD",Detroit,81,1354:00,4,15,6,19,79,121,184,5.06,0.18,0.66,0.27,0.84,3.50,5.36,8.15,6.5,24.2,30.6
"GREEN, JOSH",Edmonton,7,71:17,0,1,1,1,11,16,18,0.00,0.00,0.84,0.84,0.84,9.26,13.47,15.15,0.0,100.0,100.0
"GIORDANO, MARK",Calgary,61,999:22,4,10,6,14,81,111,178,4.94,0.24,0.60,0.36,0.84,4.86,6.66,10.69,10.0,25.0,35.0
"PETRELL, LENNART",Edmonton,60,499:51,3,4,4,7,34,47,69,8.82,0.36,0.48,0.48,0.84,4.08,5.64,8.28,33.3,44.4,77.8
"MYERS, TYLER",Buffalo,55,932:14,4,9,6,13,57,86,122,7.02,0.26,0.58,0.39,0.84,3.67,5.54,7.85,10.8,24.3,35.1
"O_REILLY, CAL",Pittsburgh,33,358:59,1,4,3,5,14,21,30,7.14,0.17,0.67,0.50,0.84,2.34,3.51,5.01,12.5,50.0,62.5
"TEDENBY, MATTIAS",New Jersey,43,434:10,1,5,4,6,44,51,70,2.27,0.14,0.69,0.55,0.83,6.08,7.05,9.67,10.0,50.0,60.0
"HEDMAN, VICTOR",Tampa Bay,61,1090:24,4,11,3,15,68,104,157,5.88,0.22,0.61,0.17,0.83,3.74,5.72,8.64,8.5,23.4,31.9
"CARLSON, JOHN",Washington,82,1383:20,4,15,7,19,114,158,235,3.51,0.17,0.65,0.30,0.82,4.94,6.85,10.19,7.7,28.8,36.5
"PARROS, GEORGE",Anaheim,46,291:19,1,3,3,4,17,24,29,5.88,0.21,0.62,0.62,0.82,3.50,4.94,5.97,16.7,50.0,66.7
"DESPRES, SIMON",Pittsburgh,18,219:58,0,3,1,3,13,23,31,0.00,0.00,0.82,0.27,0.82,3.55,6.27,8.46,0.0,30.0,30.0
"PIETRANGELO, ALEX",St. Louis,81,1393:47,4,15,8,19,134,207,304,2.99,0.17,0.65,0.34,0.82,5.77,8.91,13.09,8.9,33.3,42.2
"TAORMINA, MATT",New Jersey,30,440:35,1,5,2,6,31,37,58,3.23,0.14,0.68,0.27,0.82,4.22,5.04,7.90,5.9,29.4,35.3
"DARCHE, MATHIEU",Montreal,61,587:33,3,5,2,8,65,89,116,4.62,0.31,0.51,0.20,0.82,6.64,9.09,11.85,25.0,41.7,66.7
"DAUGAVINS, KASPARS",Ottawa,65,587:42,5,3,2,8,68,105,134,7.35,0.51,0.31,0.20,0.82,6.94,10.72,13.68,23.8,14.3,38.1
"BARCH, KRYSTOFER",Florida,51,368:16,2,3,1,5,24,37,43,8.33,0.33,0.49,0.16,0.81,3.91,6.03,7.01,28.6,42.9,71.4
"KUBA, FILIP",Ottawa,73,1260:20,2,15,4,17,53,77,132,3.77,0.10,0.71,0.19,0.81,2.52,3.67,6.28,3.0,22.7,25.8
"LOKTIONOV, ANDREI",Los Angeles,39,446:32,2,4,4,6,53,68,99,3.77,0.27,0.54,0.54,0.81,7.12,9.14,13.30,20.0,40.0,60.0
"WEBER, SHEA",Nashville,78,1488:50,5,15,9,20,141,212,275,3.55,0.20,0.60,0.36,0.81,5.68,8.54,11.08,8.2,24.6,32.8
"MARTIN, MATT",NY Islanders,80,825:54,6,5,4,11,112,156,185,5.36,0.44,0.36,0.29,0.80,8.14,11.33,13.44,54.5,45.5,100.0
"SUTTON, ANDY",Edmonton,52,754:35,3,7,3,10,41,56,77,7.32,0.24,0.56,0.24,0.80,3.26,4.45,6.12,10.3,24.1,34.5
"STECKEL, DAVID",Toronto,76,756:13,5,5,2,10,73,100,130,6.85,0.40,0.40,0.16,0.79,5.79,7.93,10.31,29.4,29.4,58.8
"KLINKHAMMER, ROB",Ottawa,15,151:37,0,2,1,2,23,35,42,0.00,0.00,0.79,0.40,0.79,9.10,13.85,16.62,0.0,50.0,50.0
"JOHNSON, JACK",Columbus,82,1365:26,7,11,5,18,107,150,199,6.54,0.31,0.48,0.22,0.79,4.70,6.59,8.74,16.3,25.6,41.9
"SUBBAN, P.K.",Montreal,81,1370:34,1,17,9,18,101,142,201,0.99,0.04,0.74,0.39,0.79,4.42,6.22,8.80,1.6,27.9,29.5
"KALETA, PATRICK",Buffalo,63,688:30,4,5,3,9,65,95,124,6.15,0.35,0.44,0.26,0.78,5.66,8.28,10.81,26.7,33.3,60.0
"WIDEMAN, DENNIS",Washington,82,1455:16,4,15,9,19,111,168,236,3.60,0.16,0.62,0.37,0.78,4.58,6.93,9.73,7.7,28.8,36.5
"BRADLEY, MATT",Florida,45,460:04,2,4,1,6,32,38,58,6.25,0.26,0.52,0.13,0.78,4.17,4.96,7.56,20.0,40.0,60.0
"O_BRIEN, SHANE",Colorado,76,1227:38,2,14,10,16,100,128,199,2.00,0.10,0.68,0.49,0.78,4.89,6.26,9.73,4.2,29.2,33.3
"STOLL, JARRET",Los Angeles,78,921:06,5,7,4,12,96,139,173,5.21,0.33,0.46,0.26,0.78,6.25,9.05,11.27,22.7,31.8,54.5
"HAMONIC, TRAVIS",NY Islanders,73,1308:29,1,16,4,17,98,151,237,1.02,0.05,0.73,0.18,0.78,4.49,6.92,10.87,2.0,32.0,34.0
"RUPP, MICHAEL",NY Rangers,60,384:57,4,1,0,5,31,41,48,12.90,0.62,0.16,0.00,0.78,4.83,6.39,7.48,44.4,11.1,55.6
"GREENE, MATT",Los Angeles,82,1078:56,4,10,4,14,72,118,169,5.56,0.22,0.56,0.22,0.78,4.00,6.56,9.40,12.9,32.3,45.2
"FILATOV, NIKITA",Ottawa,9,77:23,0,1,0,1,6,11,13,0.00,0.00,0.78,0.00,0.78,4.65,8.53,10.08,0.0,50.0,50.0
"COBURN, BRAYDON",Philadelphia,81,1396:15,4,14,9,18,95,151,224,4.21,0.17,0.60,0.39,0.77,4.08,6.49,9.63,6.8,23.7,30.5
"RUSSELL, KRIS",St. Louis,55,778:07,5,5,3,10,43,59,97,11.63,0.39,0.39,0.23,0.77,3.32,4.55,7.48,14.7,14.7,29.4
"SUMMERS, CHRIS",Arizona,21,233:41,0,3,1,3,8,14,30,0.00,0.00,0.77,0.26,0.77,2.05,3.59,7.70,0.0,42.9,42.9
"O_MARRA, RYAN",Anaheim,9,78:24,0,1,0,1,7,8,8,0.00,0.00,0.77,0.00,0.77,5.36,6.12,6.12,0.0,100.0,100.0
"DALEY, TREVOR",Dallas,79,1254:52,3,13,7,16,97,144,216,3.09,0.14,0.62,0.33,0.77,4.64,6.89,10.33,6.4,27.7,34.0
"BLUM, JONATHON",Nashville,33,472:45,3,3,1,6,17,25,40,17.65,0.38,0.38,0.13,0.76,2.16,3.17,5.08,20.0,20.0,40.0
"HARRISON, JAY",Carolina,72,1182:46,7,8,3,15,83,131,207,8.43,0.36,0.41,0.15,0.76,4.21,6.65,10.50,18.9,21.6,40.5
"HEJDA, JAN",Colorado,81,1347:08,4,13,5,17,68,121,190,5.88,0.18,0.58,0.22,0.76,3.03,5.39,8.46,11.4,37.1,48.6
"MARTIN, PAUL",Pittsburgh,73,1269:11,2,14,6,16,74,100,156,2.70,0.09,0.66,0.28,0.76,3.50,4.73,7.37,3.4,23.7,27.1
"MCGRATTAN, BRIAN",Nashville,30,158:41,0,2,1,2,10,17,21,0.00,0.00,0.76,0.38,0.76,3.78,6.43,7.94,0.0,66.7,66.7
"PAAJARVI, MAGNUS",Edmonton,41,477:06,2,4,1,6,65,85,111,3.08,0.25,0.50,0.13,0.75,8.17,10.69,13.96,25.0,50.0,75.0
"HOLMSTROM, TOMAS",Detroit,74,637:18,1,7,2,8,47,69,87,2.13,0.09,0.66,0.19,0.75,4.42,6.50,8.19,7.7,53.8,61.5
"LEOPOLD, JORDAN",Buffalo,79,1355:47,9,8,4,17,83,110,174,10.84,0.40,0.35,0.18,0.75,3.67,4.87,7.70,15.0,13.3,28.3
"JOSI, ROMAN",Nashville,52,798:40,4,6,3,10,50,71,103,8.00,0.30,0.45,0.23,0.75,3.76,5.33,7.74,13.8,20.7,34.5
"HAMILL, ZACH",Boston,16,161:05,0,2,2,2,11,17,24,0.00,0.00,0.74,0.74,0.74,4.10,6.33,8.94,0.0,28.6,28.6
"OMARK, LINUS",Edmonton,14,161:08,2,0,0,2,20,31,42,10.00,0.74,0.00,0.00,0.74,7.45,11.54,15.64,100.0,0.0,100.0
"REPIK, MICHAL",Florida,17,162:36,1,1,1,2,31,40,43,3.23,0.37,0.37,0.37,0.74,11.44,14.76,15.87,25.0,25.0,50.0
"JAFFRAY, JASON",Winnipeg,13,81:45,0,1,0,1,10,10,12,0.00,0.00,0.73,0.00,0.73,7.34,7.34,8.81,0.0,100.0,100.0
"GUENIN, NATE",Anaheim,15,163:38,2,0,0,2,5,8,15,40.00,0.73,0.00,0.00,0.73,1.83,2.93,5.50,22.2,0.0,22.2
"NODL, ANDREAS",Carolina,60,659:37,3,5,4,8,62,97,121,4.84,0.27,0.45,0.36,0.73,5.64,8.82,11.01,27.3,45.5,72.7
"SANTORELLI, MIKE",Florida,60,661:03,7,1,1,8,105,124,156,6.67,0.64,0.09,0.09,0.73,9.53,11.25,14.16,46.7,6.7,53.3
"ROME, AARON",Vancouver,43,581:50,3,4,1,7,32,57,91,9.38,0.31,0.41,0.10,0.72,3.30,5.88,9.38,18.8,25.0,43.8
"ODUYA, JOHNNY",Chicago,81,1338:28,2,14,7,16,69,109,177,2.90,0.09,0.63,0.31,0.72,3.09,4.89,7.93,4.9,34.1,39.0
"KUBINA, PAVEL",Philadelphia,69,1088:26,3,10,5,13,57,84,127,5.26,0.17,0.55,0.28,0.72,3.14,4.63,7.00,6.4,21.3,27.7
"DIAZ, RAPHAEL",Montreal,59,842:10,3,7,1,10,42,69,126,7.14,0.21,0.50,0.07,0.71,2.99,4.92,8.98,12.5,29.2,41.7
"FLOOD, MARK",Winnipeg,33,421:21,2,3,1,5,19,38,55,10.53,0.28,0.43,0.14,0.71,2.71,5.41,7.83,16.7,25.0,41.7
"CAMPOLI, CHRIS",Montreal,43,590:31,2,5,2,7,24,36,52,8.33,0.20,0.51,0.20,0.71,2.44,3.66,5.28,9.5,23.8,33.3
"EAVES, PATRICK",Detroit,10,84:28,0,1,1,1,23,26,33,0.00,0.00,0.71,0.71,0.71,16.34,18.47,23.44,0.0,33.3,33.3
"MITCHELL, WILLIE",Los Angeles,76,1270:14,5,10,2,15,90,137,214,5.56,0.24,0.47,0.09,0.71,4.25,6.47,10.11,12.2,24.4,36.6
"BEAGLE, JAY",Washington,41,424:53,4,1,0,5,45,57,70,8.89,0.56,0.14,0.00,0.71,6.35,8.05,9.89,40.0,10.0,50.0
"SAVARD, DAVID",Columbus,31,426:26,0,5,2,5,21,29,52,0.00,0.00,0.70,0.28,0.70,2.95,4.08,7.32,0.0,33.3,33.3
"NICHOL, SCOTT",St. Louis,80,597:05,3,4,4,7,62,79,92,4.84,0.30,0.40,0.40,0.70,6.23,7.94,9.24,33.3,44.4,77.8
"BOUMA, LANCE",Calgary,27,256:04,1,2,2,3,24,39,46,4.17,0.23,0.47,0.47,0.70,5.62,9.14,10.78,33.3,66.7,100.0
"LIDSTROM, NICKLAS",Detroit,70,1201:36,6,8,3,14,88,127,177,6.82,0.30,0.40,0.15,0.70,4.39,6.34,8.84,10.3,13.8,24.1
"ZIDLICKY, MAREK",New Jersey,63,1031:19,0,12,8,12,41,58,100,0.00,0.00,0.70,0.47,0.70,2.39,3.37,5.82,0.0,35.3,35.3
"CLITSOME, GRANT",Winnipeg,63,860:14,3,7,4,10,55,86,120,5.45,0.21,0.49,0.28,0.70,3.84,6.00,8.37,13.0,30.4,43.5
"ARMSTRONG, COLBY",Toronto,29,259:10,1,2,0,3,14,19,26,7.14,0.23,0.46,0.00,0.69,3.24,4.40,6.02,25.0,50.0,75.0
"KOSTOPOULOS, TOM",Calgary,81,867:40,2,8,4,10,82,99,135,2.44,0.14,0.55,0.28,0.69,5.67,6.85,9.34,9.5,38.1,47.6
"BLUNDEN, MIKE",Montreal,39,347:22,2,2,2,4,33,46,53,6.06,0.35,0.35,0.35,0.69,5.70,7.95,9.15,22.2,22.2,44.4
"O_DONNELL, SEAN",Chicago,51,610:21,0,7,3,7,29,49,74,0.00,0.00,0.69,0.29,0.69,2.85,4.82,7.27,0.0,33.3,33.3
"PHANEUF, DION",Toronto,82,1484:30,4,13,7,17,120,180,264,3.33,0.16,0.53,0.28,0.69,4.85,7.28,10.67,7.7,25.0,32.7
"GIROUX, ALEXANDRE",Columbus,9,87:20,1,0,0,1,15,18,22,6.67,0.69,0.00,0.00,0.69,10.31,12.37,15.11,25.0,0.0,25.0
"LEPISTO, SAMI",Chicago,26,262:42,1,2,0,3,18,24,37,5.56,0.23,0.46,0.00,0.69,4.11,5.48,8.45,8.3,16.7,25.0
"VLASIC, MARC-EDOUARD",San Jose,82,1576:55,3,15,6,18,105,170,255,2.86,0.11,0.57,0.23,0.68,4.00,6.47,9.70,5.0,25.0,30.0
"ORPIK, BROOKS",Pittsburgh,73,1321:08,2,13,6,15,42,72,115,4.76,0.09,0.59,0.27,0.68,1.91,3.27,5.22,3.0,19.7,22.7
"SOURAY, SHELDON",Dallas,64,968:53,3,8,3,11,124,171,234,2.42,0.19,0.50,0.19,0.68,7.68,10.59,14.49,7.5,20.0,27.5
"BOYCHUK, JOHNNY",Boston,77,1321:56,5,10,7,15,147,213,310,3.40,0.23,0.45,0.32,0.68,6.67,9.67,14.07,7.4,14.7,22.1
"CORVO, JOE",Boston,75,1153:28,3,10,7,13,115,152,226,2.61,0.16,0.52,0.36,0.68,5.98,7.91,11.76,5.4,17.9,23.2
"HJALMARSSON, NIKLAS",Chicago,69,1163:36,1,12,7,13,58,87,147,1.72,0.05,0.62,0.36,0.67,2.99,4.49,7.58,2.4,28.6,31.0
"NISKANEN, MATT",Pittsburgh,75,1080:49,1,11,3,12,75,116,174,1.33,0.06,0.61,0.17,0.67,4.16,6.44,9.66,2.0,21.6,23.5
"BROOKBANK, SHELDON",Anaheim,80,1084:52,3,9,3,12,48,86,127,6.25,0.17,0.50,0.17,0.66,2.65,4.76,7.02,8.3,25.0,33.3
"ALMOND, CODY",Minnesota,10,90:47,1,0,0,1,7,9,13,14.29,0.66,0.00,0.00,0.66,4.63,5.95,8.59,100.0,0.0,100.0
"CAMPBELL, BRIAN",Florida,82,1639:16,3,15,7,18,82,117,168,3.66,0.11,0.55,0.26,0.66,3.00,4.28,6.15,6.8,34.1,40.9
"RUNDBLAD, DAVID",Arizona,30,365:03,0,4,2,4,22,33,62,0.00,0.00,0.66,0.33,0.66,3.62,5.42,10.19,0.0,30.8,30.8
"MCBAIN, JAMIE",Carolina,76,1187:26,2,11,6,13,71,112,182,2.82,0.10,0.56,0.30,0.66,3.59,5.66,9.20,4.1,22.4,26.5
"BELANGER, ERIC",Edmonton,78,831:40,2,7,4,9,91,128,167,2.20,0.14,0.51,0.29,0.65,6.57,9.23,12.05,9.5,33.3,42.9
"KLESLA, ROSTISLAV",Arizona,65,1024:28,3,8,3,11,81,115,164,3.70,0.18,0.47,0.18,0.64,4.74,6.74,9.61,6.8,18.2,25.0
"SMID, LADISLAV",Edmonton,78,1304:41,5,9,1,14,45,62,89,11.11,0.23,0.41,0.05,0.64,2.07,2.85,4.09,10.0,18.0,28.0
"SMITH, DEREK",Calgary,47,653:03,2,5,5,7,33,67,89,6.06,0.18,0.46,0.46,0.64,3.03,6.16,8.18,9.5,23.8,33.3
"JACKMAN, TIM",Calgary,75,653:24,1,6,3,7,98,142,186,1.02,0.09,0.55,0.28,0.64,9.00,13.04,17.08,12.5,75.0,87.5
"TYUTIN, FEDOR",Columbus,66,1121:11,3,9,4,12,73,94,146,4.11,0.16,0.48,0.21,0.64,3.91,5.03,7.81,7.9,23.7,31.6
"GORGES, JOSH",Montreal,82,1403:31,1,14,7,15,47,72,123,2.13,0.04,0.60,0.30,0.64,2.01,3.08,5.26,1.7,23.3,25.0
"LYDMAN, TONI",Anaheim,74,1126:51,0,12,3,12,42,66,117,0.00,0.00,0.64,0.16,0.64,2.24,3.51,6.23,0.0,27.9,27.9
"HAMRLIK, ROMAN",Washington,68,1127:27,2,10,4,12,51,69,116,3.92,0.11,0.53,0.21,0.64,2.71,3.67,6.17,4.0,20.0,24.0
"MONTADOR, STEVE",Chicago,52,658:42,2,5,2,7,42,61,88,4.76,0.18,0.46,0.18,0.64,3.83,5.56,8.02,7.4,18.5,25.9
"SUTER, RYAN",Nashville,79,1507:28,3,13,3,16,86,115,159,3.49,0.12,0.52,0.12,0.64,3.42,4.58,6.33,5.3,22.8,28.1
"JOVANOVSKI, ED",Florida,66,850:21,2,7,4,9,46,65,99,4.35,0.14,0.49,0.28,0.64,3.25,4.59,6.99,7.4,25.9,33.3
"BOURDON, MARC-ANDRE",Philadelphia,45,662:31,4,3,0,7,41,61,95,9.76,0.36,0.27,0.00,0.63,3.71,5.52,8.60,13.8,10.3,24.1
"LARSEN, PHILIP",Dallas,55,852:37,1,8,3,9,57,79,133,1.75,0.07,0.56,0.21,0.63,4.01,5.56,9.36,2.7,21.6,24.3
"WHITNEY, RYAN",Edmonton,51,856:25,0,9,5,9,24,40,66,0.00,0.00,0.63,0.35,0.63,1.68,2.80,4.62,0.0,34.6,34.6
"SESTITO, TOM",Philadelphia,14,95:20,0,1,1,1,4,5,6,0.00,0.00,0.63,0.63,0.63,2.52,3.15,3.78,0.0,100.0,100.0
"PARSE, SCOTT",Los Angeles,9,95:30,1,0,0,1,7,10,11,14.29,0.63,0.00,0.00,0.63,4.40,6.28,6.91,50.0,0.0,50.0
"GARRISON, JASON",Florida,77,1338:44,6,8,3,14,99,145,204,6.06,0.27,0.36,0.13,0.63,4.44,6.50,9.14,15.0,20.0,35.0
"LILJA, ANDREAS",Philadelphia,46,573:53,0,6,3,6,34,42,52,0.00,0.00,0.63,0.31,0.63,3.55,4.39,5.44,0.0,26.1,26.1
"VEILLEUX, STEPHANE",Minnesota,22,191:47,0,2,0,2,16,23,32,0.00,0.00,0.63,0.00,0.63,5.01,7.20,10.01,0.0,50.0,50.0
"CARTER, RYAN",New Jersey,72,671:30,4,3,2,7,48,67,85,8.33,0.36,0.27,0.18,0.63,4.29,5.99,7.59,40.0,30.0,70.0
"BRODIE, TJ",Calgary,54,768:01,1,7,2,8,35,49,76,2.86,0.08,0.55,0.16,0.62,2.73,3.83,5.94,3.2,22.6,25.8
"GILBERT, TOM",Minnesota,67,1152:32,1,11,4,12,50,81,123,2.00,0.05,0.57,0.21,0.62,2.60,4.22,6.40,3.0,33.3,36.4
"JOHNSON, ERIK",Colorado,73,1155:31,3,9,4,12,100,133,186,3.00,0.16,0.47,0.21,0.62,5.19,6.91,9.66,6.5,19.6,26.1
"REAVES, RYAN",St. Louis,60,385:15,3,1,1,4,30,42,53,10.00,0.47,0.16,0.16,0.62,4.67,6.54,8.25,42.9,14.3,57.1
"MICHALEK, ZBYNEK",Pittsburgh,62,1059:32,2,9,3,11,73,108,158,2.74,0.11,0.51,0.17,0.62,4.13,6.12,8.95,4.7,20.9,25.6
"LANDER, ANTON",Edmonton,56,482:23,1,4,0,5,47,60,76,2.13,0.12,0.50,0.00,0.62,5.85,7.46,9.45,10.0,40.0,50.0
"CLARK, BRETT",Tampa Bay,82,1161:43,2,10,6,12,48,79,137,4.17,0.10,0.52,0.31,0.62,2.48,4.08,7.08,5.0,25.0,30.0
"MCCORMICK, CODY",Buffalo,50,387:23,1,3,2,4,42,63,86,2.38,0.15,0.46,0.31,0.62,6.51,9.76,13.32,20.0,60.0,80.0
"FOWLER, CAM",Anaheim,82,1455:27,1,14,6,15,69,98,146,1.45,0.04,0.58,0.25,0.62,2.84,4.04,6.02,2.0,28.0,30.0
"RICHARDSON, BRAD",Los Angeles,59,680:21,4,3,2,7,90,128,177,4.44,0.35,0.26,0.18,0.62,7.94,11.29,15.61,25.0,18.8,43.8
"BOUWMEESTER, JAY",Calgary,82,1555:23,3,13,8,16,70,110,160,4.29,0.12,0.50,0.31,0.62,2.70,4.24,6.17,6.7,28.9,35.6
"TANGRADI, ERIC",Pittsburgh,24,194:40,0,2,1,2,18,29,38,0.00,0.00,0.62,0.31,0.62,5.55,8.94,11.71,0.0,33.3,33.3
"STURM, MARCO",Florida,48,489:08,3,2,2,5,59,70,93,5.08,0.37,0.25,0.25,0.61,7.24,8.59,11.41,27.3,18.2,45.5
"MCQUAID, ADAM",Boston,72,980:20,2,8,2,10,63,89,155,3.17,0.12,0.49,0.12,0.61,3.86,5.45,9.49,4.7,18.6,23.3
"PHILLIPS, CHRIS",Ottawa,80,1176:54,1,11,3,12,72,101,157,1.39,0.05,0.56,0.15,0.61,3.67,5.15,8.00,2.3,25.6,27.9
"POTTER, COREY",Edmonton,62,982:39,3,7,3,10,73,101,159,4.11,0.18,0.43,0.18,0.61,4.46,6.17,9.71,9.1,21.2,30.3
"GUNNARSSON, CARL",Toronto,76,1285:39,4,9,3,13,63,91,152,6.35,0.19,0.42,0.14,0.61,2.94,4.25,7.09,8.9,20.0,28.9
"GILLIES, COLTON",Columbus,75,693:21,1,6,3,7,46,69,92,2.17,0.09,0.52,0.26,0.61,3.98,5.97,7.96,8.3,50.0,58.3
"BUTLER, CHRIS",Calgary,68,1191:58,2,10,1,12,49,80,122,4.08,0.10,0.50,0.05,0.60,2.47,4.03,6.14,4.8,23.8,28.6
"GLEASON, TIM",Carolina,82,1396:10,1,13,8,14,54,83,128,1.85,0.04,0.56,0.34,0.60,2.32,3.57,5.50,2.0,26.5,28.6
"SAUER, MICHAEL",NY Rangers,19,299:31,1,2,1,3,11,18,26,9.09,0.20,0.40,0.20,0.60,2.20,3.61,5.21,6.2,12.5,18.8
"ALZNER, KARL",Washington,82,1397:57,1,13,5,14,55,86,139,1.82,0.04,0.56,0.21,0.60,2.36,3.69,5.97,2.1,27.1,29.2
"ERICSSON, JONATHAN",Detroit,69,999:29,1,9,4,10,54,77,121,1.85,0.06,0.54,0.24,0.60,3.24,4.62,7.26,2.4,21.4,23.8
"MACDONALD, ANDREW",NY Islanders,75,1400:43,4,10,2,14,55,87,154,7.27,0.17,0.43,0.09,0.60,2.36,3.73,6.60,9.3,23.3,32.6
"LILES, JOHN-MICHAEL",Toronto,66,1100:49,3,8,2,11,66,96,153,4.55,0.16,0.44,0.11,0.60,3.60,5.23,8.34,8.3,22.2,30.6
"DEMERS, JASON",San Jose,57,803:58,2,6,1,8,49,73,104,4.08,0.15,0.45,0.07,0.60,3.66,5.45,7.76,7.1,21.4,28.6
"COWEN, JARED",Ottawa,82,1209:35,3,9,3,12,45,63,119,6.67,0.15,0.45,0.15,0.60,2.23,3.12,5.90,7.0,20.9,27.9
"STUART, MARK",Winnipeg,80,1108:58,1,10,4,11,53,92,158,1.89,0.05,0.54,0.22,0.60,2.87,4.98,8.55,2.8,27.8,30.6
"ALLEN, BRYAN",Carolina,82,1313:38,1,12,5,13,80,123,194,1.25,0.05,0.55,0.23,0.59,3.65,5.62,8.86,2.3,27.9,30.2
"GILL, HAL",Nashville,76,1018:09,0,10,3,10,42,58,98,0.00,0.00,0.59,0.18,0.59,2.48,3.42,5.78,0.0,25.6,25.6
"REASONER, MARTY",NY Islanders,61,617:31,1,5,1,6,65,79,102,1.54,0.10,0.49,0.10,0.58,6.32,7.68,9.91,14.3,71.4,85.7
"HENDRICKS, MATT",Washington,78,826:42,4,4,3,8,90,125,162,4.44,0.29,0.29,0.22,0.58,6.53,9.07,11.76,22.2,22.2,44.4
"VOLCHENKOV, ANTON",New Jersey,72,1034:23,2,8,4,10,60,89,142,3.33,0.12,0.46,0.23,0.58,3.48,5.16,8.24,6.2,25.0,31.2
"WEAVER, MIKE",Florida,82,1351:59,0,13,4,13,46,71,115,0.00,0.00,0.58,0.18,0.58,2.04,3.15,5.10,0.0,27.1,27.1
"LOVEJOY, BEN",Pittsburgh,34,416:58,1,3,1,4,45,63,96,2.22,0.14,0.43,0.14,0.58,6.48,9.07,13.81,7.1,21.4,28.6
"PETERS, WARREN",Minnesota,58,523:02,1,4,2,5,50,76,101,2.00,0.11,0.46,0.23,0.57,5.74,8.72,11.59,16.7,66.7,83.3
"ERIXON, TIM",NY Rangers,18,210:06,0,2,1,2,6,11,15,0.00,0.00,0.57,0.29,0.57,1.71,3.14,4.28,0.0,25.0,25.0
"GROSSMANN, NICKLAS",Philadelphia,74,1161:44,0,11,3,11,52,84,122,0.00,0.00,0.57,0.15,0.57,2.69,4.34,6.30,0.0,27.5,27.5
"CARKNER, MATT",Ottawa,29,317:32,1,2,0,3,17,27,52,5.88,0.19,0.38,0.00,0.57,3.21,5.10,9.83,8.3,16.7,25.0
"FALK, JUSTIN",Minnesota,47,741:35,0,7,2,7,37,56,88,0.00,0.00,0.57,0.16,0.57,2.99,4.53,7.12,0.0,33.3,33.3
"FEHR, ERIC",Winnipeg,35,321:11,2,1,0,3,49,66,84,4.08,0.37,0.19,0.00,0.56,9.15,12.33,15.69,50.0,25.0,75.0
"GRAGNANI, MARC-ANDRE",Vancouver,58,750:50,1,6,2,7,35,43,58,2.86,0.08,0.48,0.16,0.56,2.80,3.44,4.63,3.2,19.4,22.6
"BALLARD, KEITH",Vancouver,47,644:33,1,5,0,6,36,64,96,2.78,0.09,0.47,0.00,0.56,3.35,5.96,8.94,5.3,26.3,31.6
"GIRARDI, DAN",NY Rangers,82,1618:34,3,12,4,15,86,123,182,3.49,0.11,0.44,0.15,0.56,3.19,4.56,6.75,5.2,20.7,25.9
"MARTINEK, RADEK",Columbus,7,108:08,1,0,0,1,9,12,17,11.11,0.55,0.00,0.00,0.55,4.99,6.66,9.43,20.0,0.0,20.0
"CROMBEEN, BJ",St. Louis,40,324:25,1,2,2,3,48,62,81,2.08,0.18,0.37,0.37,0.55,8.88,11.47,14.98,25.0,50.0,75.0
"MADDEN, JOHN",Florida,31,329:44,3,0,0,3,28,39,45,10.71,0.55,0.00,0.00,0.55,5.09,7.10,8.19,75.0,0.0,75.0
"LEBDA, BRETT",Columbus,30,440:11,1,3,1,4,33,47,63,3.03,0.14,0.41,0.14,0.55,4.50,6.41,8.59,4.5,13.6,18.2
"STRAIT, BRIAN",Pittsburgh,9,110:08,0,1,0,1,4,11,11,0.00,0.00,0.54,0.00,0.54,2.18,5.99,5.99,0.0,33.3,33.3
"SPURGEON, JARED",Minnesota,70,1109:25,1,9,6,10,58,84,122,1.72,0.05,0.49,0.32,0.54,3.14,4.54,6.60,3.3,30.0,33.3
"SEKERA, ANDREJ",Buffalo,69,1109:56,2,8,4,10,67,99,150,2.99,0.11,0.43,0.22,0.54,3.62,5.35,8.11,4.5,18.2,22.7
"PROSSER, NATE",Minnesota,51,777:41,1,6,3,7,22,33,59,4.55,0.08,0.46,0.23,0.54,1.70,2.55,4.55,5.0,30.0,35.0
"FAYNE, MARK",New Jersey,82,1339:42,3,9,2,12,74,104,167,4.05,0.13,0.40,0.09,0.54,3.31,4.66,7.48,5.9,17.6,23.5
"COLAIACOVO, CARLO",St. Louis,64,1006:52,1,8,6,9,51,81,133,1.96,0.06,0.48,0.36,0.54,3.04,4.83,7.93,3.2,25.8,29.0
"ELLERBY, KEATON",Florida,40,564:24,0,5,1,5,44,66,102,0.00,0.00,0.53,0.11,0.53,4.68,7.02,10.84,0.0,29.4,29.4
"BREWER, ERIC",Tampa Bay,82,1471:46,1,12,5,13,72,115,182,1.39,0.04,0.49,0.20,0.53,2.94,4.69,7.42,1.5,18.5,20.0
"BASS, CODY",Columbus,14,113:19,0,1,1,1,13,13,15,0.00,0.00,0.53,0.53,0.53,6.88,6.88,7.94,0.0,33.3,33.3
"KOLANOS, KRYS",Calgary,13,114:11,0,1,0,1,26,32,38,0.00,0.00,0.53,0.00,0.53,13.66,16.82,19.97,0.0,50.0,50.0
"LARSSON, ADAM",New Jersey,65,1151:20,2,8,5,10,56,75,118,3.57,0.10,0.42,0.26,0.52,2.92,3.91,6.15,4.8,19.0,23.8
"DWYER, PATRICK",Carolina,73,921:42,3,5,3,8,101,145,186,2.97,0.20,0.33,0.20,0.52,6.57,9.44,12.11,15.8,26.3,42.1
"BOUILLON, FRANCIS",Nashville,66,1039:51,3,6,1,9,33,55,98,9.09,0.17,0.35,0.06,0.52,1.90,3.17,5.65,6.5,13.0,19.6
"BEAUCHEMIN, FRANCOIS",Anaheim,82,1531:39,5,8,1,13,98,149,215,5.10,0.20,0.31,0.04,0.51,3.84,5.84,8.42,10.4,16.7,27.1
"HILLEN, JACK",Nashville,55,710:18,2,4,2,6,48,71,109,4.17,0.17,0.34,0.17,0.51,4.05,6.00,9.21,6.9,13.8,20.7
"JACKMAN, BARRET",St. Louis,81,1307:41,1,10,4,11,75,110,164,1.33,0.05,0.46,0.18,0.50,3.44,5.05,7.52,2.2,22.2,24.4
"WHITE, RYAN",Montreal,20,238:43,0,2,2,2,10,15,20,0.00,0.00,0.50,0.50,0.50,2.51,3.77,5.03,0.0,50.0,50.0
"HAINSEY, RON",Winnipeg,56,958:23,0,8,6,8,44,67,107,0.00,0.00,0.50,0.38,0.50,2.75,4.19,6.70,0.0,20.0,20.0
"POLAK, ROMAN",St. Louis,77,1198:24,0,10,3,10,78,121,174,0.00,0.00,0.50,0.15,0.50,3.91,6.06,8.71,0.0,25.6,25.6
"STAIOS, STEVE",NY Islanders,65,976:19,0,8,5,8,63,84,127,0.00,0.00,0.49,0.31,0.49,3.87,5.16,7.80,0.0,28.6,28.6
"HUNWICK, MATT",Colorado,33,492:36,3,1,1,4,36,43,65,8.33,0.37,0.12,0.12,0.49,4.38,5.24,7.92,25.0,8.3,33.3
"JANIK, DOUG",Detroit,9,123:47,0,1,1,1,6,15,25,0.00,0.00,0.48,0.48,0.48,2.91,7.27,12.12,0.0,14.3,14.3
"ZANON, GREG",Boston,56,867:55,3,4,0,7,39,61,93,7.69,0.21,0.28,0.00,0.48,2.70,4.22,6.43,9.4,12.5,21.9
"SALO, SAMI",Vancouver,69,993:36,2,6,2,8,70,98,148,2.86,0.12,0.36,0.12,0.48,4.23,5.92,8.94,5.6,16.7,22.2
"KONOPKA, ZENON",Ottawa,55,372:53,2,1,1,3,33,42,50,6.06,0.32,0.16,0.16,0.48,5.31,6.76,8.05,28.6,14.3,42.9
"MARTINEZ, ALEC",Los Angeles,51,630:03,3,2,2,5,54,71,116,5.56,0.29,0.19,0.19,0.48,5.14,6.76,11.05,16.7,11.1,27.8
"MORRIS, DEREK",Arizona,59,889:19,2,5,1,7,61,87,135,3.28,0.13,0.34,0.07,0.47,4.12,5.87,9.11,6.9,17.2,24.1
"METHOT, MARC",Columbus,46,767:38,1,5,3,6,36,50,75,2.78,0.08,0.39,0.23,0.47,2.81,3.91,5.86,6.2,31.2,37.5
"PELLEY, RODNEY",Anaheim,52,385:42,2,1,1,3,44,57,70,4.55,0.31,0.16,0.16,0.47,6.84,8.87,10.89,33.3,16.7,50.0
"HANNAN, SCOTT",Calgary,78,1292:25,2,8,2,10,43,66,93,4.65,0.09,0.37,0.09,0.46,2.00,3.06,4.32,4.1,16.3,20.4
"BRAUN, JUSTIN",San Jose,66,906:13,1,6,4,7,81,123,189,1.23,0.07,0.40,0.26,0.46,5.36,8.14,12.51,3.6,21.4,25.0
"QUINCEY, KYLE",Detroit,72,1167:37,2,7,3,9,117,153,229,1.71,0.10,0.36,0.15,0.46,6.01,7.86,11.77,4.5,15.9,20.5
"SARICH, CORY",Calgary,62,908:45,1,6,2,7,34,56,100,2.94,0.07,0.40,0.13,0.46,2.24,3.70,6.60,3.7,22.2,25.9
"SMITHSON, JERRED",Florida,69,651:57,1,4,1,5,33,49,62,3.03,0.09,0.37,0.09,0.46,3.04,4.51,5.71,6.2,25.0,31.2
"LEWIS, TREVOR",Los Angeles,72,785:30,2,4,1,6,86,132,158,2.33,0.15,0.31,0.08,0.46,6.57,10.08,12.07,13.3,26.7,40.0
"KOMISAREK, MIKE",Toronto,45,655:43,1,4,2,5,33,50,82,3.03,0.09,0.37,0.18,0.46,3.02,4.58,7.50,4.5,18.2,22.7
"TALLINDER, HENRIK",New Jersey,39,669:26,0,5,4,5,36,53,79,0.00,0.00,0.45,0.36,0.45,3.23,4.75,7.08,0.0,26.3,26.3
"ROBIDAS, STEPHANE",Dallas,75,1205:39,2,7,3,9,45,72,120,4.44,0.10,0.35,0.15,0.45,2.24,3.58,5.97,4.8,16.7,21.4
"GUDBRANSON, ERIK",Florida,72,950:12,2,5,3,7,68,104,150,2.94,0.13,0.32,0.19,0.44,4.29,6.57,9.47,7.7,19.2,26.9
"JOSLIN, DEREK",Carolina,44,414:13,2,1,1,3,33,48,69,6.06,0.29,0.14,0.14,0.43,4.78,6.95,9.99,20.0,10.0,30.0
"LUNDIN, MIKE",Minnesota,17,276:30,0,2,0,2,9,19,26,0.00,0.00,0.43,0.00,0.43,1.95,4.12,5.64,0.0,25.0,25.0
"FAULK, JUSTIN",Carolina,66,1108:31,2,6,1,8,52,79,125,3.85,0.11,0.32,0.05,0.43,2.81,4.28,6.77,5.7,17.1,22.9
"KENNEDY, TIM",Florida,27,279:53,1,1,1,2,22,25,27,4.55,0.21,0.21,0.21,0.43,4.72,5.36,5.79,50.0,50.0,100.0
"BRENNAN, TJ",Buffalo,11,140:00,1,0,0,1,13,22,31,7.69,0.43,0.00,0.00,0.43,5.57,9.43,13.29,20.0,0.0,20.0
"SEIDENBERG, DENNIS",Boston,80,1422:54,2,8,3,10,129,173,241,1.55,0.08,0.34,0.13,0.42,5.44,7.29,10.16,3.3,13.3,16.7
"BROWN, MIKE",Toronto,50,427:14,2,1,1,3,56,85,103,3.57,0.28,0.14,0.14,0.42,7.86,11.94,14.47,28.6,14.3,42.9
"HARROLD, PETER",New Jersey,11,142:26,0,1,1,1,11,14,17,0.00,0.00,0.42,0.42,0.42,4.63,5.90,7.16,0.0,16.7,16.7
"BOLL, JARED",Columbus,54,432:33,2,1,1,3,34,52,63,5.88,0.28,0.14,0.14,0.42,4.72,7.21,8.74,33.3,16.7,50.0
"JURCINA, MILAN",NY Islanders,65,1010:49,1,6,3,7,99,148,213,1.01,0.06,0.36,0.18,0.42,5.88,8.79,12.64,3.8,23.1,26.9
"AULIE, KEITH",Tampa Bay,36,443:09,0,3,0,3,18,28,39,0.00,0.00,0.41,0.00,0.41,2.44,3.79,5.28,0.0,18.8,18.8
"ORTMEYER, JED",Minnesota,35,299:25,1,1,0,2,40,62,78,2.50,0.20,0.20,0.00,0.40,8.02,12.42,15.63,25.0,25.0,50.0
"AUCOIN, ADRIAN",Arizona,64,1071:49,1,6,0,7,77,120,173,1.30,0.06,0.34,0.00,0.39,4.31,6.72,9.68,2.4,14.3,16.7
"SCUDERI, ROB",Los Angeles,82,1384:52,1,8,2,9,57,83,138,1.75,0.04,0.35,0.09,0.39,2.47,3.60,5.98,2.4,19.5,22.0
"MOORE, JOHN",Columbus,67,939:54,2,4,2,6,61,89,132,3.28,0.13,0.26,0.13,0.38,3.89,5.68,8.43,9.5,19.0,28.6
"GARBUTT, RYAN",Dallas,20,161:31,1,0,0,1,27,41,52,3.70,0.37,0.00,0.00,0.37,10.03,15.23,19.32,25.0,0.0,25.0
"EMINGER, STEVE",NY Rangers,42,490:59,2,1,1,3,17,27,42,11.76,0.24,0.12,0.12,0.37,2.08,3.30,5.13,11.1,5.6,16.7
"MARKOV, ANDREI",Montreal,13,163:43,0,1,1,1,9,12,20,0.00,0.00,0.37,0.37,0.37,3.30,4.40,7.33,0.0,25.0,25.0
"O_BYRNE, RYAN",Colorado,74,1149:30,1,6,3,7,38,66,105,2.63,0.05,0.31,0.16,0.37,1.98,3.44,5.48,2.9,17.6,20.6
"SHELLEY, JODY",Philadelphia,30,165:13,0,1,0,1,17,24,28,0.00,0.00,0.36,0.00,0.36,6.17,8.72,10.17,0.0,50.0,50.0
"MILLS, BRAD",New Jersey,27,171:04,0,1,0,1,17,25,30,0.00,0.00,0.35,0.00,0.35,5.96,8.77,10.52,0.0,50.0,50.0
"GREEN, MIKE",Washington,32,514:30,0,3,1,3,45,69,106,0.00,0.00,0.35,0.12,0.35,5.25,8.05,12.36,0.0,12.5,12.5
"WHITE, COLIN",San Jose,54,693:05,1,3,1,4,33,43,69,3.03,0.09,0.26,0.09,0.35,2.86,3.72,5.97,5.0,15.0,20.0
"COMMODORE, MIKE",Tampa Bay,30,349:40,0,2,1,2,23,32,54,0.00,0.00,0.34,0.17,0.34,3.95,5.49,9.27,0.0,14.3,14.3
"SCHULTZ, JEFF",Washington,54,732:12,1,3,3,4,22,34,59,4.55,0.08,0.25,0.25,0.33,1.80,2.79,4.83,4.5,13.6,18.2
"BISSONNETTE, PAUL",Arizona,31,187:17,1,0,0,1,15,19,23,6.67,0.32,0.00,0.00,0.32,4.81,6.09,7.37,100.0,0.0,100.0
"TANEV, CHRISTOPHER",Vancouver,25,380:09,0,2,1,2,15,21,40,0.00,0.00,0.32,0.16,0.32,2.37,3.31,6.31,0.0,12.5,12.5
"ALBERTS, ANDREW",Vancouver,44,570:48,2,1,0,3,19,30,61,10.53,0.21,0.11,0.00,0.32,2.00,3.15,6.41,9.1,4.5,13.6
"SALVADOR, BRYCE",New Jersey,82,1351:04,0,7,4,7,48,63,110,0.00,0.00,0.31,0.18,0.31,2.13,2.80,4.88,0.0,19.4,19.4
"RUSSELL, RYAN",Columbus,41,398:52,2,0,0,2,35,45,58,5.71,0.30,0.00,0.00,0.30,5.26,6.77,8.72,33.3,0.0,33.3
"EMELIN, ALEXEI",Montreal,67,1010:48,2,3,2,5,48,71,121,4.17,0.12,0.18,0.12,0.30,2.85,4.21,7.18,6.1,9.1,15.2
"VOLPATTI, AARON",Vancouver,23,202:55,1,0,0,1,17,23,35,5.88,0.30,0.00,0.00,0.30,5.03,6.80,10.35,20.0,0.0,20.0
"FOSTER, KURTIS",Minnesota,51,618:22,2,1,0,3,50,67,89,4.00,0.19,0.10,0.00,0.29,4.85,6.50,8.64,11.8,5.9,17.6
"WEBER, MIKE",Buffalo,51,825:43,0,4,1,4,43,56,106,0.00,0.00,0.29,0.07,0.29,3.12,4.07,7.70,0.0,22.2,22.2
"MOTTAU, MIKE",Boston,35,442:01,0,2,1,2,21,31,50,0.00,0.00,0.27,0.14,0.27,2.85,4.21,6.79,0.0,15.4,15.4
"JANSSEN, CAM",New Jersey,48,222:26,0,1,1,1,17,22,24,0.00,0.00,0.27,0.27,0.27,4.59,5.93,6.47,0.0,50.0,50.0
"GUSTAFSSON, ERIK",Philadelphia,30,451:25,1,1,1,2,16,30,52,6.25,0.13,0.13,0.13,0.27,2.13,3.99,6.91,4.0,4.0,8.0
"SCOTT, JOHN",NY Rangers,35,227:47,0,1,0,1,9,15,20,0.00,0.00,0.26,0.00,0.26,2.37,3.95,5.27,0.0,12.5,12.5
"REGEHR, ROBYN",Buffalo,76,1155:30,1,4,1,5,43,62,96,2.33,0.05,0.21,0.05,0.26,2.23,3.22,4.98,3.4,13.8,17.2
"MURRAY, DOUGLAS",San Jose,60,951:31,0,4,3,4,66,89,126,0.00,0.00,0.25,0.19,0.25,4.16,5.61,7.95,0.0,14.3,14.3
"PECKHAM, THEO",Edmonton,54,740:55,1,2,1,3,22,36,59,4.55,0.08,0.16,0.08,0.24,1.78,2.92,4.78,3.2,6.5,9.7
"JONES, RANDY",Winnipeg,39,501:46,1,1,0,2,22,39,70,4.55,0.12,0.12,0.00,0.24,2.63,4.66,8.37,4.0,4.0,8.0
"MIKKELSON, BRENDAN",Tampa Bay,41,509:05,1,1,1,2,37,52,73,2.70,0.12,0.12,0.12,0.24,4.36,6.13,8.60,6.2,6.2,12.5
"SCANDELLA, MARCO",Minnesota,63,1030:05,1,3,1,4,54,80,124,1.85,0.06,0.17,0.06,0.23,3.15,4.66,7.22,4.5,13.6,18.2
"STONER, CLAYTON",Minnesota,51,786:27,1,2,1,3,40,65,92,2.50,0.08,0.15,0.08,0.23,3.05,4.96,7.02,3.8,7.7,11.5
"SCHULTZ, NICK",Edmonton,82,1313:04,0,5,2,5,37,69,107,0.00,0.00,0.23,0.09,0.23,1.69,3.15,4.89,0.0,17.9,17.9
"PARDY, ADAM",Dallas,36,548:20,0,2,0,2,28,36,54,0.00,0.00,0.22,0.00,0.22,3.06,3.94,5.91,0.0,11.1,11.1
"EATON, MARK",NY Islanders,62,841:15,0,3,2,3,41,56,78,0.00,0.00,0.21,0.14,0.21,2.92,3.99,5.56,0.0,13.6,13.6
"TEUBERT, COLTEN",Edmonton,24,292:18,0,1,1,1,13,18,33,0.00,0.00,0.21,0.21,0.21,2.67,3.69,6.77,0.0,12.5,12.5
"ERSKINE, JOHN",Washington,28,317:53,0,1,1,1,20,28,41,0.00,0.00,0.19,0.19,0.19,3.77,5.29,7.74,0.0,9.1,9.1
"OLSEN, DYLAN",Chicago,28,331:40,0,1,0,1,16,23,35,0.00,0.00,0.18,0.00,0.18,2.89,4.16,6.33,0.0,11.1,11.1
"BARKER, CAM",Edmonton,25,370:50,1,0,0,1,15,23,41,6.67,0.16,0.00,0.00,0.16,2.43,3.72,6.63,7.1,0.0,7.1
"STAAL, MARC",NY Rangers,46,774:28,1,1,1,2,48,65,93,2.08,0.08,0.08,0.08,0.15,3.72,5.04,7.21,4.0,4.0,8.0
"FISTRIC, MARK",Dallas,60,833:40,0,2,0,2,28,58,86,0.00,0.00,0.14,0.00,0.14,2.02,4.17,6.19,0.0,9.1,9.1
"NIEDERREITER, NINO",NY Islanders,55,532:43,1,0,0,1,72,95,116,1.39,0.11,0.00,0.00,0.11,8.11,10.70,13.07,50.0,0.0,50.0
"PANDOLFO, JAY",NY Islanders,62,556:23,1,0,0,1,41,55,65,2.44,0.11,0.00,0.00,0.11,4.42,5.93,7.01,20.0,0.0,20.0
"MCCARTHY, JOHN",San Jose,10,93:36,0,0,0,0,14,15,16,0.00,0.00,0.00,0.00,0.00,8.97,9.62,10.26,0.0,0.0,0.0
"PROUT, DALTON",Columbus,5,56:33,0,0,0,0,2,3,4,0.00,0.00,0.00,0.00,0.00,2.12,3.18,4.24,0.0,0.0,0.0
"MANNING, BRANDON",Philadelphia,4,52:59,0,0,0,0,6,6,7,0.00,0.00,0.00,0.00,0.00,6.79,6.79,7.93,0.0,0.0,0.0
"ASHTON, CARTER",Toronto,15,155:21,0,0,0,0,22,25,32,0.00,0.00,0.00,0.00,0.00,8.50,9.66,12.36,0.0,0.0,0.0
"PISKULA, JOE",Calgary,5,53:45,0,0,0,0,2,4,6,0.00,0.00,0.00,0.00,0.00,2.23,4.47,6.70,0.0,0.0,0.0
"KULDA, ARTURS",Winnipeg,9,96:18,0,0,0,0,8,11,14,0.00,0.00,0.00,0.00,0.00,4.98,6.85,8.72,0.0,0.0,0.0
"NESS, AARON",NY Islanders,9,143:57,0,0,0,0,5,11,16,0.00,0.00,0.00,0.00,0.00,2.08,4.58,6.67,0.0,0.0,0.0
"BOLLIG, BRANDON",Chicago,18,102:55,0,0,0,0,15,18,25,0.00,0.00,0.00,0.00,0.00,8.74,10.49,14.57,0.0,0.0,0.0
"OLESZ, ROSTISLAV",Chicago,6,54:34,0,0,0,0,6,6,8,0.00,0.00,0.00,0.00,0.00,6.60,6.60,8.80,0.0,0.0,0.0
"DUPUIS, PHILIPPE",Toronto,30,236:44,0,0,0,0,25,33,42,0.00,0.00,0.00,0.00,0.00,6.34,8.36,10.64,0.0,0.0,0.0
"BARRIE, TYSON",Colorado,10,154:22,0,0,0,0,14,18,26,0.00,0.00,0.00,0.00,0.00,5.44,7.00,10.11,0.0,0.0,0.0
"DONOVAN, MATT",NY Islanders,3,50:21,0,0,0,0,4,7,8,0.00,0.00,0.00,0.00,0.00,4.77,8.34,9.53,0.0,0.0,0.0
"SESTITO, TIM",New Jersey,18,144:13,0,0,0,0,6,10,15,0.00,0.00,0.00,0.00,0.00,2.50,4.16,6.24,0.0,0.0,0.0
"DESBIENS, GUILLAUME",Calgary,10,71:05,0,0,0,0,2,5,8,0.00,0.00,0.00,0.00,0.00,1.69,4.22,6.75,0.0,0.0,0.0
"ZALEWSKI, STEVEN",New Jersey,7,72:08,0,0,0,0,6,6,6,0.00,0.00,0.00,0.00,0.00,4.99,4.99,4.99,0.0,0.0,0.0
"ZIBANEJAD, MIKA",Ottawa,9,100:10,0,0,0,0,10,16,21,0.00,0.00,0.00,0.00,0.00,5.99,9.58,12.58,0.0,0.0,0.0
"STAUBITZ, BRAD",Montreal,62,402:32,0,0,0,0,25,39,53,0.00,0.00,0.00,0.00,0.00,3.73,5.81,7.90,0.0,0.0,0.0
"ENGQVIST, ANDREAS",Montreal,12,65:25,0,0,0,0,3,8,11,0.00,0.00,0.00,0.00,0.00,2.75,7.34,10.09,0.0,0.0,0.0
"WILSON, CLAY",Calgary,5,54:35,0,0,0,0,4,5,7,0.00,0.00,0.00,0.00,0.00,4.40,5.50,7.69,0.0,0.0,0.0
"NEMISZ, GREG",Calgary,9,68:54,0,0,0,0,2,7,7,0.00,0.00,0.00,0.00,0.00,1.74,6.10,6.10,0.0,0.0,0.0
"CHORNEY, TAYLOR",Edmonton,5,60:18,0,0,0,0,2,3,5,0.00,0.00,0.00,0.00,0.00,1.99,2.99,4.98,0.0,0.0,0.0
"LAAKSO, TEEMU",Nashville,9,95:25,0,0,0,0,3,4,10,0.00,0.00,0.00,0.00,0.00,1.89,2.52,6.29,0.0,0.0,0.0
"BOULTON, ERIC",New Jersey,51,332:23,0,0,0,0,24,30,37,0.00,0.00,0.00,0.00,0.00,4.33,5.42,6.68,0.0,0.0,0.0
"CORMIER, PATRICE",Winnipeg,9,57:17,0,0,0,0,8,9,13,0.00,0.00,0.00,0.00,0.00,8.38,9.43,13.62,0.0,0.0,0.0
"FESTERLING, BRETT",Winnipeg,5,57:51,0,0,0,0,2,3,4,0.00,0.00,0.00,0.00,0.00,2.07,3.11,4.15,0.0,0.0,0.0
"SCHEIFELE, MARK",Winnipeg,7,60:32,0,0,0,0,2,5,9,0.00,0.00,0.00,0.00,0.00,1.98,4.96,8.92,0.0,0.0,0.0
"GAGNON, AARON",Winnipeg,7,65:20,0,0,0,0,6,9,12,0.00,0.00,0.00,0.00,0.00,5.51,8.27,11.02,0.0,0.0,0.0
"RAKHSHANI, RHETT",NY Islanders,5,56:22,0,0,0,0,3,9,10,0.00,0.00,0.00,0.00,0.00,3.19,9.58,10.64,0.0,0.0,0.0
"SEGAL, BRANDON",Tampa Bay,10,65:17,0,0,0,0,8,10,11,0.00,0.00,0.00,0.00,0.00,7.35,9.19,10.11,0.0,0.0,0.0
"BYERS, DANE",Columbus,8,57:24,0,0,0,0,7,7,7,0.00,0.00,0.00,0.00,0.00,7.32,7.32,7.32,0.0,0.0,0.0
"MARSHALL, KEVIN",Philadelphia,10,86:17,0,0,0,0,5,6,10,0.00,0.00,0.00,0.00,0.00,3.48,4.17,6.95,0.0,0.0,0.0
"BORTUZZO, ROBERT",Pittsburgh,6,60:16,0,0,0,0,3,5,7,0.00,0.00,0.00,0.00,0.00,2.99,4.98,6.97,0.0,0.0,0.0
"MCARDLE, KENNDAL",Winnipeg,9,54:10,0,0,0,0,3,3,7,0.00,0.00,0.00,0.00,0.00,3.32,3.32,7.75,0.0,0.0,0.0
"MIELE, ANDY",Arizona,7,50:31,0,0,0,0,4,5,7,0.00,0.00,0.00,0.00,0.00,4.75,5.94,8.31,0.0,0.0,0.0
"HALEY, MICHEAL",NY Islanders,14,107:04,0,0,0,0,13,14,20,0.00,0.00,0.00,0.00,0.00,7.29,7.85,11.21,0.0,0.0,0.0
"URBOM, ALEXANDER",New Jersey,5,64:40,0,0,0,0,2,4,4,0.00,0.00,0.00,0.00,0.00,1.86,3.71,3.71,0.0,0.0,0.0
"ROSEHILL, JAY",Toronto,31,182:41,0,0,0,0,15,15,20,0.00,0.00,0.00,0.00,0.00,4.93,4.93,6.57,0.0,0.0,0.0
